workshop,age,social,cohort,gpa
Yes,24,SGGSAC,Anthropology,4.056254555011887
Yes,23,SGGSAC,Economics,3.503330664489398
Yes,23,SGGSAC,Economics,3.0800260117688376
Maybe,24,SGGSAC,Sociology,3.719761001672341
Yes,23,SGGSAC,Political Science,3.5143168137491845
Yes,27,VANESSA,Psychology,3.4801347782502186
Yes,31,SGGSAC,Sociology,3.7040878040374867
Yes,26,VANESSA,Anthropology,3.936920663907188
Yes,35,SGGSAC,Economics,3.292195154313548
Yes,24,SGGSAC,History,3.7534035558046033
Yes,24,SGGSAC,Anthropology,3.9147377378534465
Yes,NA,VANESSA,Sociology,3.4106529679303246
Yes,27,VANESSA,Psychology,3.841681994894569
Maybe,25,SGGSAC,Anthropology,2.951837516464126
Maybe,25,SGGSAC,Anthropology,3.660777415708888
Yes,45,SGGSAC,Anthropology,3.90317813894031
Yes,NA,SUCSAC,Psychology,3.506694479136194
Maybe,24,SGGSAC,Sociology,3.8925942005079848
Yes,22,SGGSAC,Sociology,3.2795278167386117
Yes,23,SGGSAC,Political Science,4.033719830854716
Yes,35,SGGSAC,Economics,3.2715718825368176
Maybe,25,SGGSAC,Anthropology,3.214570954427646
Maybe,25,SGGSAC,Anthropology,3.8248895916334384
Yes,22,SGGSAC,Sociology,3.5809274709463734
Yes,35,SGGSAC,Economics,3.6761590933958104
Maybe,28,SUCSAC,Economics,3.6676300209337214
Maybe,33,SGGSAC,Psych/poli sci,3.3775600936347163
Maybe,25,SGGSAC,Anthropology,2.8998716176753803
Yes,23,SGGSAC,Anthropology,3.2501416709696063
Yes,22,SGGSAC,Sociology,3.1434183235575954
Yes,35,SUCSAC,Economics,2.9396056523586154
Yes,45,SGGSAC,Anthropology,3.5975033906401337
Maybe,25,SGGSAC,Anthropology,3.1340467626912876
Yes,23,SGGSAC,Economics,3.5015206682159246
Yes,35,SUCSAC,Economics,3.7620448658438534
Yes,27,VANESSA,Psychology,3.2855070832849775
Maybe,24,SGGSAC,Sociology,3.778124435519442
Yes,35,SGGSAC,Economics,3.446056542218607
Yes,23,SGGSAC,Political Science,3.8676102604632097
Yes,NA,SUCSAC,Psychology,4.128277610681691
Yes,25,SGGSAC,Sociology,3.167987923000233
Maybe,24,SGGSAC,Sociology,3.295224935491561
Yes,26,VANESSA,Anthropology,3.7445964415053776
Yes,24,SGGSAC,Sociology,3.1745607855532643
Maybe,33,SGGSAC,Psych/poli sci,3.81777034739812
Yes,NA,VANESSA,Sociology,3.0690087102222128
Yes,23,SGGSAC,Sociology,3.151594766971012
Yes,NA,SUCSAC,Psychology,3.5766504975086604
Yes,26,SGGSAC,Economics,3.7110883009344824
Yes,22,SGGSAC,Sociology,3.153360916118204
Maybe,24,SGGSAC,Sociology,2.879928213067651
Yes,26,SGGSAC,Economics,3.5205049645548523
Yes,35,SUCSAC,Economics,3.1717993605470802
Yes,23,SGGSAC,Anthropology,3.6600187000391746
Yes,31,SGGSAC,Sociology,3.7196625040488738
Yes,24,SGGSAC,Anthropology,3.9011866504506822
Yes,24,SGGSAC,History,3.667240256190202
Yes,27,SGGSAC,Anthropology,3.637580137249669
Yes,NA,SUCSAC,Psychology,3.6090295366406395
Yes,24,SGGSAC,Anthropology,3.014410807999793
Yes,31,SGGSAC,Sociology,3.651095287332154
Yes,26,SGGSAC,Economics,3.716498874552721
Yes,26,VANESSA,Anthropology,3.2386842981035135
Maybe,24,SGGSAC,Sociology,3.341537078298419
Maybe,28,SUCSAC,Economics,3.05082627327326
Yes,35,SGGSAC,Economics,3.4678723391201594
Yes,45,SGGSAC,Anthropology,3.2805612378760025
Yes,24,SGGSAC,Anthropology,3.3330699032231643
Yes,27,VANESSA,Sociology,3.584254856556027
Yes,NA,SUCSAC,Psychology,4.208226362287353
Maybe,28,SUCSAC,Economics,3.8407084880833717
Yes,27,SGGSAC,Anthropology,3.1032393455101053
Maybe,25,SGGSAC,Anthropology,4.087828305676309
Yes,45,SGGSAC,Anthropology,4.076637030406923
Yes,27,VANESSA,Sociology,3.139775893186416
Yes,24,SGGSAC,Anthropology,3.76553854839821
Yes,NA,VANESSA,Sociology,3.5428720399517624
Yes,25,SGGSAC,Sociology,3.963427916126065
Yes,NA,SUCSAC,Psychology,3.8756329478294393
Yes,22,SGGSAC,Sociology,3.7426850671467733
Yes,27,SGGSAC,Anthropology,3.2260448460714914
Yes,23,SGGSAC,Anthropology,3.666004403256144
Maybe,33,SGGSAC,Psych/poli sci,3.470958905520858
Yes,25,SGGSAC,Sociology,3.6462413568338645
Yes,24,SGGSAC,Sociology,3.324858170846946
Yes,23,SGGSAC,Political Science,3.1764119063744793
Yes,27,SGGSAC,Anthropology,3.5021716478987166
Yes,27,SGGSAC,Anthropology,4.066097562353958
Yes,24,SGGSAC,Sociology,3.688019301843879
Yes,27,VANESSA,Psychology,3.1449868894239486
Yes,45,SGGSAC,Anthropology,3.421537074994123
Yes,25,SGGSAC,Sociology,3.271786676270739
Yes,26,SGGSAC,Economics,3.379889155342638
Yes,26,SGGSAC,Economics,3.2035986263945038
Yes,26,VANESSA,Anthropology,4.117032074235101
Yes,NA,SGGSAC,Sociology,3.5621371485058675
Maybe,33,SGGSAC,Psych/poli sci,3.5143665575890886
Yes,24,SGGSAC,Sociology,3.4295171608342985
Yes,25,SGGSAC,Sociology,3.3592647001580835
Yes,27,VANESSA,Sociology,3.1313133012266836
Maybe,25,SGGSAC,Anthropology,3.7676234311867844
Yes,NA,VANESSA,Sociology,3.3260364559864843
Yes,45,SGGSAC,Anthropology,3.598733743721228
Yes,35,SUCSAC,Economics,3.2751468619575537
Maybe,33,SGGSAC,Psych/poli sci,2.8142502000058656
Yes,NA,SGGSAC,Sociology,4.063245839253564
Maybe,33,SGGSAC,Psych/poli sci,3.875346353537077
Yes,26,VANESSA,Anthropology,3.4893749635785505
Yes,NA,SGGSAC,Sociology,3.785651306433884
Yes,NA,VANESSA,Sociology,3.573460599260076
Maybe,25,SGGSAC,Anthropology,3.4344821189770904
Yes,NA,SGGSAC,Sociology,3.2783095220384006
Yes,NA,SGGSAC,Sociology,3.6463533581944674
Yes,NA,SGGSAC,Sociology,3.559065217164584
Yes,35,SGGSAC,Economics,3.6814517196255894
Yes,22,SGGSAC,Sociology,3.6495361141147296
Yes,27,VANESSA,Psychology,3.8899287363282222
Yes,27,VANESSA,Psychology,3.3947181493143885
Yes,23,SGGSAC,Anthropology,3.562021281017491
Maybe,24,SGGSAC,Sociology,2.8892229786201113
Yes,23,SGGSAC,Sociology,3.770152862012766
Yes,NA,SGGSAC,Sociology,3.2899849285380776
Yes,24,SGGSAC,Anthropology,3.7796689242369363
Yes,31,SGGSAC,Sociology,3.272020632268827
Yes,24,SGGSAC,Anthropology,3.642811347605037
Yes,23,SGGSAC,Economics,3.558602260721586
Yes,23,SGGSAC,Sociology,3.372050381398017
Yes,31,SGGSAC,Sociology,3.1636926070975195
Yes,26,VANESSA,Anthropology,3.8983970099262546
Yes,26,VANESSA,Anthropology,3.348719103214209
Yes,24,SGGSAC,Anthropology,3.4761678420526447
Yes,23,SGGSAC,Economics,3.4030614266819614
Maybe,24,SGGSAC,Sociology,3.283735798022086
Yes,22,SGGSAC,Sociology,3.424940622142533
Maybe,33,SGGSAC,Psych/poli sci,3.650364493058376
Yes,23,SGGSAC,Political Science,3.5641574759663803
Yes,23,VANESSA,Psychology,2.9718649863269437
Maybe,24,SGGSAC,Sociology,3.874257720258441
Yes,22,SGGSAC,Sociology,4.040486369261084
Yes,27,SGGSAC,Anthropology,3.6519970802725985
Yes,27,VANESSA,Sociology,3.0723252123108167
Yes,26,SGGSAC,Economics,3.0411983954680433
Yes,31,SGGSAC,Sociology,3.43186377274598
Yes,23,VANESSA,Psychology,3.095320048394831
Maybe,24,SGGSAC,Sociology,2.9451882694707536
Yes,25,SGGSAC,Sociology,3.3011312586208645
Maybe,25,SGGSAC,Anthropology,2.980672705648638
Yes,24,SGGSAC,Anthropology,3.307749989359361
Yes,26,VANESSA,Anthropology,3.9432290090755537
Yes,27,VANESSA,Sociology,3.6554309370093203
Yes,26,VANESSA,Anthropology,3.262034478287537
Maybe,24,SGGSAC,Sociology,3.4344418111598256
Yes,NA,SUCSAC,Psychology,3.085902572147117
Yes,23,SGGSAC,Economics,3.25913811970897
Yes,45,SGGSAC,Anthropology,3.455394310857909
Yes,24,SGGSAC,History,2.9211812979807337
Yes,45,SGGSAC,Anthropology,3.6365045301720373
Maybe,28,SUCSAC,Economics,3.5641588454392683
Yes,23,VANESSA,Psychology,3.690140562126218
Yes,NA,SGGSAC,Sociology,3.523342728158735
Yes,24,SGGSAC,Anthropology,3.160672896170421
Yes,24,SGGSAC,Anthropology,3.110067585366289
Yes,35,SUCSAC,Economics,3.3590051521230526
Maybe,24,SGGSAC,Sociology,3.52624633921362
Yes,23,SGGSAC,Anthropology,4.054193280082489
Yes,24,SGGSAC,Anthropology,3.579812113455336
Yes,25,SGGSAC,Sociology,3.6119858824193978
Maybe,28,SUCSAC,Economics,3.6052854775439585
Yes,35,SGGSAC,Economics,3.640737787466045
Yes,31,SGGSAC,Sociology,2.822460110117488
Yes,23,SGGSAC,Political Science,3.23253283474749
Yes,22,SGGSAC,Sociology,3.0710427090921963
Yes,35,SUCSAC,Economics,3.4335980211247095
Yes,NA,VANESSA,Sociology,3.5638084361467
Yes,35,SGGSAC,Economics,2.8156193080672764
Yes,31,SGGSAC,Sociology,3.3831081056745003
Yes,45,SGGSAC,Anthropology,3.7762546608062215
Yes,23,SGGSAC,Political Science,3.244585228657041
Yes,27,VANESSA,Psychology,3.594814530451527
Maybe,24,SGGSAC,Sociology,3.4744317778712395
Yes,45,SGGSAC,Anthropology,4.062058897305724
Yes,27,SGGSAC,Anthropology,3.9047515896433813
Maybe,33,SGGSAC,Psych/poli sci,3.683155914580798
Yes,35,SGGSAC,Economics,4.243581777912197
Yes,45,SGGSAC,Anthropology,3.4824093224977175
Yes,31,SGGSAC,Sociology,3.6194421274283948
Yes,26,VANESSA,Anthropology,3.2003876485319367
Yes,24,SGGSAC,Anthropology,3.2937631908343716
Yes,23,SGGSAC,Economics,3.2034203846415137
Maybe,24,SGGSAC,Sociology,3.9031003956007324
Yes,31,SGGSAC,Sociology,3.4588902471999727
Maybe,24,SGGSAC,Sociology,3.67588149528128
Yes,27,VANESSA,Sociology,4.211727171871787
Yes,23,SGGSAC,Economics,3.4351356529330714
Yes,24,SGGSAC,History,3.6405795763894084
Yes,NA,VANESSA,Sociology,3.118940121752514
Yes,27,VANESSA,Psychology,3.82634781230473
Yes,31,SGGSAC,Sociology,3.6656544222501193
Yes,23,SGGSAC,Political Science,3.5449752732959086
Yes,23,SGGSAC,Economics,4.256393441144611
Yes,27,VANESSA,Psychology,2.960030456788826
Yes,NA,SUCSAC,Psychology,2.8839029127425224
Yes,24,SGGSAC,Anthropology,3.321733470517332
Maybe,33,SGGSAC,Psych/poli sci,3.1855062447470917
Maybe,33,SGGSAC,Psych/poli sci,3.178776253362751
Yes,23,SGGSAC,Sociology,3.6005821554142456
Yes,26,SGGSAC,Economics,3.5060534456565944
Yes,35,SGGSAC,Economics,3.293639112322149
Yes,25,SGGSAC,Sociology,3.230979682986071
Maybe,24,SGGSAC,Sociology,3.5932315795283536
Yes,24,SGGSAC,Anthropology,3.467659707542979
Yes,23,SGGSAC,Sociology,3.5619392391626916
Yes,23,SGGSAC,Anthropology,3.5696106717022174
Maybe,25,SGGSAC,Anthropology,3.4729858727983594
Yes,23,VANESSA,Psychology,3.5221104542250408
Maybe,25,SGGSAC,Anthropology,3.694591026559052
Yes,45,SGGSAC,Anthropology,3.3553602863192804
Yes,27,VANESSA,Psychology,3.5073245288092205
Maybe,25,SGGSAC,Anthropology,3.6639970499963823
Yes,25,SGGSAC,Sociology,3.4442346864874795
Maybe,33,SGGSAC,Psych/poli sci,3.831770885624162
Yes,22,SGGSAC,Sociology,3.576938384954398
Yes,NA,SUCSAC,Psychology,3.8842094885709786
Yes,24,SGGSAC,Sociology,4.047280070483087
Yes,23,SGGSAC,Economics,3.7980124091601453
Yes,31,SGGSAC,Sociology,3.5873407088382874
Yes,24,SGGSAC,History,3.2629123015796386
Yes,24,SGGSAC,Anthropology,3.467198726583082
Yes,24,SGGSAC,Sociology,3.647171401400316
Yes,31,SGGSAC,Sociology,3.4858954313072417
Maybe,24,SGGSAC,Sociology,3.406389239125201
Yes,NA,SUCSAC,Psychology,3.7384004116777754
Yes,27,VANESSA,Sociology,3.638804140945752
Yes,22,SGGSAC,Sociology,3.2279545785993604
Yes,27,VANESSA,Psychology,3.0942182437172447
Yes,NA,SGGSAC,Sociology,3.152715722261321
Yes,31,SGGSAC,Sociology,3.353750771966815
Maybe,33,SGGSAC,Psych/poli sci,3.73195107546486
Yes,NA,VANESSA,Sociology,3.4307541617597463
Yes,24,SGGSAC,Anthropology,3.4172314350914026
Maybe,24,SGGSAC,Sociology,3.251717166133766
Yes,24,SGGSAC,Anthropology,3.263031265493327
Yes,23,SGGSAC,Sociology,3.399114862061264
Yes,23,VANESSA,Psychology,3.64076593437578
Yes,22,SGGSAC,Sociology,4.183138059297504
Yes,24,SGGSAC,Sociology,2.961967644331746
Yes,25,SGGSAC,Sociology,3.538788870914437
Yes,25,SGGSAC,Sociology,3.7962949661598655
Yes,25,SGGSAC,Sociology,3.563334597518622
Yes,27,VANESSA,Sociology,3.74794452933199
Yes,26,VANESSA,Anthropology,3.310124926314449
Yes,NA,SGGSAC,Sociology,3.983644891251844
Yes,23,SGGSAC,Anthropology,3.6330385467098987
Yes,26,SGGSAC,Economics,3.600007156921501
Yes,23,SGGSAC,Anthropology,3.0787425143628155
Maybe,24,SGGSAC,Sociology,3.0856394476798594
Yes,23,SGGSAC,Political Science,3.441608812745047
Yes,23,SGGSAC,Economics,3.995623215762676
Yes,24,SGGSAC,Sociology,3.086849731186802
Yes,27,VANESSA,Sociology,3.635540610537941
Yes,26,SGGSAC,Economics,3.5667039403179657
Yes,23,SGGSAC,Economics,3.5235957256789985
Maybe,24,SGGSAC,Sociology,4.1041998099139265
Yes,24,SGGSAC,Anthropology,3.6278025169239774
Yes,23,SGGSAC,Economics,2.8290000623564167
Yes,23,SGGSAC,Anthropology,3.275164671104526
Yes,27,SGGSAC,Anthropology,3.313928555636414
Yes,24,SGGSAC,Anthropology,4.247134328819995
Yes,35,SUCSAC,Economics,3.509888727016854
Yes,23,SGGSAC,Anthropology,3.4381668889266064
Yes,27,VANESSA,Psychology,3.0767961196428977
Yes,23,VANESSA,Psychology,3.569708105788897
Yes,23,SGGSAC,Sociology,3.8910141891849106
Yes,35,SUCSAC,Economics,3.446762346338772
Yes,45,SGGSAC,Anthropology,3.657391543283133
Yes,24,SGGSAC,Anthropology,3.4411536125185442
Yes,27,VANESSA,Psychology,3.446188029822755
Yes,23,SGGSAC,Economics,3.288868521707894
Yes,23,SGGSAC,Anthropology,3.503188003402527
Yes,23,VANESSA,Psychology,3.76097542569727
Yes,27,VANESSA,Psychology,3.6449117958236124
Yes,23,SGGSAC,Economics,3.302093765694124
Maybe,25,SGGSAC,Anthropology,3.5236084871451485
Yes,24,SGGSAC,Sociology,2.922355925454148
Yes,27,VANESSA,Psychology,3.2707221659897634
Yes,31,SGGSAC,Sociology,3.869519626579406
Yes,27,SGGSAC,Anthropology,3.727078998405934
Yes,22,SGGSAC,Sociology,3.042343194979659
Yes,24,SGGSAC,Anthropology,3.363600354930835
Yes,NA,SGGSAC,Sociology,3.6674077587645604
Yes,27,VANESSA,Sociology,3.4022700208228818
Yes,NA,SUCSAC,Psychology,3.748444535503515
Yes,45,SGGSAC,Anthropology,3.793190184161685
Maybe,33,SGGSAC,Psych/poli sci,3.5426042819391634
Yes,23,SGGSAC,Anthropology,3.466633504955388
Yes,35,SUCSAC,Economics,3.459451486580693
Yes,27,VANESSA,Sociology,3.30252348781417
Yes,24,SGGSAC,History,3.474975019141908
Yes,23,SGGSAC,Economics,3.692410285003242
Yes,23,SGGSAC,Anthropology,3.293384873700302
Maybe,28,SUCSAC,Economics,3.725913167834458
Yes,35,SUCSAC,Economics,3.84049605384398
Maybe,24,SGGSAC,Sociology,3.284081124615478
Maybe,24,SGGSAC,Sociology,3.5827090721407022
Yes,45,SGGSAC,Anthropology,3.714212482890337
Yes,24,SGGSAC,Sociology,3.5531627986788066
Yes,NA,SUCSAC,Psychology,3.1777888288708844
Yes,24,SGGSAC,Anthropology,3.5464545239828325
Yes,26,SGGSAC,Economics,2.964742331230787
Yes,26,SGGSAC,Economics,3.568522023191717
Yes,23,SGGSAC,Anthropology,3.8713673617533395
Yes,25,SGGSAC,Sociology,3.89884817762445
Yes,27,VANESSA,Psychology,3.841889503607954
Yes,27,VANESSA,Psychology,3.6694045317641004
Maybe,28,SUCSAC,Economics,3.555178175381594
Yes,NA,VANESSA,Sociology,3.791266318429266
Yes,27,SGGSAC,Anthropology,3.453670440768064
Yes,23,SGGSAC,Political Science,4.050195680570631
Yes,27,SGGSAC,Anthropology,3.892025119319866
Yes,23,VANESSA,Psychology,3.53456649567401
Yes,35,SGGSAC,Economics,3.086689842253311
Yes,23,SGGSAC,Anthropology,3.5889482070134866
Yes,27,VANESSA,Sociology,3.7661347033392842
Yes,24,SGGSAC,History,3.493550970355513
Yes,31,SGGSAC,Sociology,3.574694717504215
Yes,24,SGGSAC,History,3.5162089921372064
Yes,24,SGGSAC,History,3.5459228496334547
Yes,23,SGGSAC,Economics,3.23154991249102
Yes,24,SGGSAC,Anthropology,3.362069605115043
Yes,24,SGGSAC,Anthropology,3.750719569614148
Yes,NA,SGGSAC,Sociology,3.689879699541441
Yes,31,SGGSAC,Sociology,3.4780716316537936
Yes,NA,SUCSAC,Psychology,2.599167096636799
Yes,24,SGGSAC,History,2.9832631776670926
Yes,23,SGGSAC,Political Science,3.368653105988006
Yes,27,VANESSA,Psychology,3.368465708088117
Yes,35,SGGSAC,Economics,3.7000496906946276
Yes,25,SGGSAC,Sociology,3.834338660582423
Yes,35,SUCSAC,Economics,3.5566895732023514
Yes,45,SGGSAC,Anthropology,3.4557332867957236
Maybe,24,SGGSAC,Sociology,4.0896293582197885
Maybe,33,SGGSAC,Psych/poli sci,3.5833137789301732
Yes,25,SGGSAC,Sociology,3.423459752981709
Maybe,24,SGGSAC,Sociology,2.939212426625513
Yes,NA,SUCSAC,Psychology,3.2620432990499446
Yes,22,SGGSAC,Sociology,3.6597665836851614
Yes,24,SGGSAC,Anthropology,3.448739466868663
Yes,23,SGGSAC,Anthropology,3.5419647101193372
Yes,26,VANESSA,Anthropology,3.175065034688076
Yes,35,SUCSAC,Economics,3.950065760650949
Yes,23,SGGSAC,Economics,3.4604562884020744
Yes,24,SGGSAC,History,3.814322187151108
Yes,23,SGGSAC,Anthropology,2.8565098897863077
Yes,24,SGGSAC,Anthropology,3.1427678167214395
Maybe,25,SGGSAC,Anthropology,2.8842693184811536
Maybe,24,SGGSAC,Sociology,3.914710006088645
Maybe,25,SGGSAC,Anthropology,3.395484332016849
Yes,23,SGGSAC,Economics,3.9347341194195087
Yes,26,VANESSA,Anthropology,3.402983913661386
Yes,24,SGGSAC,History,3.070393424116515
Maybe,25,SGGSAC,Anthropology,3.211954445792223
Yes,24,SGGSAC,Anthropology,3.403281560148784
Maybe,28,SUCSAC,Economics,3.528622289394218
Yes,22,SGGSAC,Sociology,3.2678830562250947
Yes,24,SGGSAC,History,3.4826507202548913
Maybe,24,SGGSAC,Sociology,2.845811099351012
Yes,31,SGGSAC,Sociology,3.430192111828157
Yes,NA,SGGSAC,Sociology,4.2311212110784915
Yes,26,SGGSAC,Economics,2.8028282654163763
Yes,23,VANESSA,Psychology,3.2117334365370196
Yes,23,SGGSAC,Political Science,3.084149085871305
Yes,45,SGGSAC,Anthropology,3.959305450700543
Yes,35,SUCSAC,Economics,3.670178662324428
Yes,22,SGGSAC,Sociology,3.285316328847675
Yes,23,SGGSAC,Economics,3.001232629947843
Yes,24,SGGSAC,Anthropology,3.4392033712760917
Yes,23,SGGSAC,Economics,3.8588067853440204
Yes,27,VANESSA,Sociology,3.3953418175556798
Yes,24,SGGSAC,History,3.488909176267363
Yes,24,SGGSAC,History,3.50246252837587
Maybe,25,SGGSAC,Anthropology,3.62231667418848
Yes,23,SGGSAC,Sociology,3.342786640740175
Yes,23,SGGSAC,Political Science,3.6168303294658646
Yes,35,SGGSAC,Economics,3.528066097046733
Yes,23,SGGSAC,Economics,3.4572961729908975
Yes,24,SGGSAC,History,3.7568127134497904
Yes,23,SGGSAC,Sociology,4.064554896790544
Yes,NA,SGGSAC,Sociology,3.0403866175120062
Yes,25,SGGSAC,Sociology,3.36269298488632
Yes,NA,VANESSA,Sociology,3.1385007469262485
Yes,23,VANESSA,Psychology,3.1329343576133812
Yes,NA,SGGSAC,Sociology,3.9777512505720365
Yes,26,VANESSA,Anthropology,3.685612360731646
Yes,NA,SUCSAC,Psychology,3.3995309487070773
Yes,24,SGGSAC,Anthropology,3.3501478403011262
Yes,NA,VANESSA,Sociology,3.997133908147303
Yes,22,SGGSAC,Sociology,3.581588701544813
Yes,45,SGGSAC,Anthropology,3.5398924896699144
Yes,24,SGGSAC,Sociology,3.597799410110743
Yes,NA,SUCSAC,Psychology,3.5054129782641525
Yes,23,SGGSAC,Economics,3.5469404938873907
Yes,45,SGGSAC,Anthropology,3.23799058645404
Yes,45,SGGSAC,Anthropology,2.9999027989275038
Yes,NA,SUCSAC,Psychology,3.458572212294785
Yes,25,SGGSAC,Sociology,3.541127861324452
Yes,23,SGGSAC,Anthropology,3.141282563715298
Yes,45,SGGSAC,Anthropology,3.526102980150282
Yes,22,SGGSAC,Sociology,4.125753231251874
Yes,27,SGGSAC,Anthropology,2.8706331131224054
Yes,27,VANESSA,Psychology,3.6835352440579894
Yes,23,SGGSAC,Anthropology,2.8723661079517933
Yes,26,SGGSAC,Economics,3.353985665411056
Yes,NA,VANESSA,Sociology,2.9536547155329176
Yes,24,SGGSAC,History,3.7257809804120328
Maybe,24,SGGSAC,Sociology,3.4881997817202737
Yes,25,SGGSAC,Sociology,3.3733194401801634
Yes,23,SGGSAC,Political Science,3.6283877820872688
Yes,23,SGGSAC,Political Science,3.387047199924394
Yes,24,SGGSAC,Sociology,3.5717582900417355
Yes,22,SGGSAC,Sociology,4.04544416923194
Yes,24,SGGSAC,Anthropology,3.7019460974766565
Maybe,24,SGGSAC,Sociology,3.056057695750156
Yes,22,SGGSAC,Sociology,3.844553336984241
Yes,NA,VANESSA,Sociology,3.7615098457974367
Maybe,24,SGGSAC,Sociology,3.623388771641554
Yes,NA,SUCSAC,Psychology,3.4919856502246733
Yes,27,VANESSA,Psychology,3.2974703551435396
Yes,27,VANESSA,Sociology,3.500357609732784
Yes,27,SGGSAC,Anthropology,3.52086238164655
Maybe,24,SGGSAC,Sociology,3.384091053321123
Yes,25,SGGSAC,Sociology,3.5068138859560367
Yes,23,VANESSA,Psychology,3.8966235155677227
Maybe,33,SGGSAC,Psych/poli sci,3.34292745742752
Yes,31,SGGSAC,Sociology,3.805607859131041
Yes,45,SGGSAC,Anthropology,3.4957539494135235
Maybe,28,SUCSAC,Economics,3.364697144678313
Yes,27,VANESSA,Psychology,3.728339888301546
Yes,24,SGGSAC,History,3.6889837404903605
Yes,23,SGGSAC,Anthropology,3.6751936756585595
Yes,NA,SUCSAC,Psychology,3.6633935098651693
Yes,26,SGGSAC,Economics,3.6553257270471935
Yes,23,SGGSAC,Sociology,3.4811212319196554
Yes,25,SGGSAC,Sociology,3.4501333344043243
Yes,23,VANESSA,Psychology,3.837679060645096
Yes,23,SGGSAC,Political Science,3.379575749136635
Yes,24,SGGSAC,Anthropology,3.32592460314531
Yes,25,SGGSAC,Sociology,3.341334918275225
Yes,35,SUCSAC,Economics,3.400245530931544
Yes,NA,SGGSAC,Sociology,3.444368042698383
Yes,24,SGGSAC,Anthropology,3.3545907901892162
Yes,27,VANESSA,Sociology,3.588819537884777
Yes,23,VANESSA,Psychology,3.670902744823867
Yes,45,SGGSAC,Anthropology,3.6211747853532823
Yes,23,VANESSA,Psychology,3.2735869153944717
Yes,27,VANESSA,Psychology,3.330095464097884
Yes,24,SGGSAC,Anthropology,3.451245491602374
Maybe,25,SGGSAC,Anthropology,3.324673076119074
Yes,23,SGGSAC,Sociology,3.1675525770778425
Yes,26,SGGSAC,Economics,3.154191893074341
Maybe,24,SGGSAC,Sociology,3.5670299420687623
Yes,NA,SGGSAC,Sociology,3.570245311185566
Yes,NA,VANESSA,Sociology,3.469068129850112
Yes,27,VANESSA,Sociology,3.7942534709103932
Yes,24,SGGSAC,Sociology,3.589680199793424
Yes,23,SGGSAC,Political Science,3.247950561725447
Maybe,33,SGGSAC,Psych/poli sci,3.038563425043723
Yes,24,SGGSAC,Anthropology,3.377081813937085
Yes,22,SGGSAC,Sociology,3.6081382711858097
Yes,45,SGGSAC,Anthropology,3.183695091285662
Yes,25,SGGSAC,Sociology,3.2610055058178475
Yes,NA,SGGSAC,Sociology,3.9476631527258634
Yes,26,SGGSAC,Economics,3.56674237245012
Yes,23,SGGSAC,Economics,2.8330537883889564
Yes,27,VANESSA,Psychology,3.651520487140195
Yes,23,SGGSAC,Anthropology,2.82709737972419
Yes,26,VANESSA,Anthropology,3.7666072858708124
Maybe,25,SGGSAC,Anthropology,3.0754600197282604
Yes,24,SGGSAC,Anthropology,3.8107928924490526
Yes,26,SGGSAC,Economics,3.160370386456657
Yes,NA,VANESSA,Sociology,3.841208488160453
Yes,26,VANESSA,Anthropology,3.417807287151958
Yes,45,SGGSAC,Anthropology,3.5354874284779196
Yes,26,SGGSAC,Economics,3.7650032270940637
Yes,NA,VANESSA,Sociology,4.054593549510745
Yes,24,SGGSAC,History,3.875386383995785
Yes,NA,SUCSAC,Psychology,3.920639415518054
Maybe,33,SGGSAC,Psych/poli sci,3.46023468793619
Yes,22,SGGSAC,Sociology,3.4836427157746326
Maybe,33,SGGSAC,Psych/poli sci,3.0519887483514845
Maybe,25,SGGSAC,Anthropology,3.1642934356860764
Yes,24,SGGSAC,Anthropology,3.9502317748670936
Yes,23,SGGSAC,Political Science,3.1922474993848793
Yes,23,SGGSAC,Anthropology,2.9251193162456626
Yes,26,VANESSA,Anthropology,3.600484201440501
Yes,24,SGGSAC,Anthropology,3.52663563661283
Yes,24,SGGSAC,Anthropology,3.2789452691431746
Yes,23,SGGSAC,Sociology,3.7409228325533532
Yes,23,SGGSAC,Anthropology,3.2987595153632774
Yes,31,SGGSAC,Sociology,3.4461599964822938
Yes,24,SGGSAC,History,3.673080534204674
Yes,31,SGGSAC,Sociology,3.485119650450797
Yes,24,SGGSAC,Sociology,3.1969092219263393
Yes,22,SGGSAC,Sociology,2.959216737163076
Yes,23,VANESSA,Psychology,3.367262505576145
Yes,24,SGGSAC,Sociology,4.366481957434299
Yes,22,SGGSAC,Sociology,3.2864330824862424
Yes,24,SGGSAC,Anthropology,3.4747728098405033
Yes,23,SGGSAC,Anthropology,3.5852259611684603
Yes,NA,SGGSAC,Sociology,3.2999551515722123
Yes,26,SGGSAC,Economics,2.9769942290048474
Yes,24,SGGSAC,Anthropology,3.5934248376343336
Yes,25,SGGSAC,Sociology,3.8068643074931527
Yes,24,SGGSAC,History,3.5142723838422327
Yes,22,SGGSAC,Sociology,3.2553475689191105
Yes,26,SGGSAC,Economics,3.7901987655450102
Yes,31,SGGSAC,Sociology,3.5185485123521283
Yes,26,SGGSAC,Economics,3.3612297327347713
Maybe,25,SGGSAC,Anthropology,3.2702055638143697
Yes,NA,SUCSAC,Psychology,3.344519374431949
Maybe,24,SGGSAC,Sociology,3.5383140761132066
Maybe,28,SUCSAC,Economics,3.4657338197046803
Yes,NA,SUCSAC,Psychology,3.763634630706707
Yes,35,SGGSAC,Economics,3.7429313396326376
Yes,23,SGGSAC,Sociology,3.7435843958342994
Yes,27,VANESSA,Psychology,3.346965352689272
Maybe,24,SGGSAC,Sociology,3.8393988371800636
Maybe,25,SGGSAC,Anthropology,3.7106374673757436
Yes,26,SGGSAC,Economics,3.300015524551664
Yes,23,SGGSAC,Economics,3.9856170700983515
Yes,NA,VANESSA,Sociology,3.1664197233973224
Maybe,28,SUCSAC,Economics,3.56856304023959
Yes,24,SGGSAC,History,3.472203041364729
Yes,25,SGGSAC,Sociology,3.5302919074589103
Yes,26,VANESSA,Anthropology,3.3423054513334023
Yes,22,SGGSAC,Sociology,3.6831973075238866
Maybe,28,SUCSAC,Economics,3.9747260364868584
Yes,23,SGGSAC,Sociology,3.4190882714762125
Yes,24,SGGSAC,Sociology,3.200163349926059
Yes,26,VANESSA,Anthropology,3.6052039521553896
Yes,35,SUCSAC,Economics,3.7779223666449457
Yes,31,SGGSAC,Sociology,3.6861258503988967
Maybe,33,SGGSAC,Psych/poli sci,3.7611916276372765
Yes,35,SUCSAC,Economics,3.9079249971238474
Yes,35,SGGSAC,Economics,3.726297961094882
Yes,NA,VANESSA,Sociology,3.427418121660021
Yes,24,SGGSAC,Anthropology,3.75118540443198
Yes,23,VANESSA,Psychology,4.038306064792862
Yes,23,SGGSAC,Economics,3.662889995162828
Maybe,25,SGGSAC,Anthropology,3.1130407059705383
Yes,23,SGGSAC,Economics,3.5491193608707348
Yes,23,SGGSAC,Anthropology,3.8016409936901723
Yes,NA,SGGSAC,Sociology,3.5825076778065266
Yes,24,SGGSAC,Sociology,3.627476083735659
Yes,23,SGGSAC,Sociology,3.2163019130525616
Maybe,33,SGGSAC,Psych/poli sci,3.9067891685859366
Maybe,24,SGGSAC,Sociology,3.2761949308244733
Yes,24,SGGSAC,Anthropology,3.286666197686793
Yes,23,SGGSAC,Sociology,3.2884700035860277
Yes,27,SGGSAC,Anthropology,3.3941250918556154
Yes,35,SGGSAC,Economics,3.4320433261828267
Yes,26,SGGSAC,Economics,3.9512959595683226
Yes,23,SGGSAC,Sociology,3.812837302057303
Yes,23,VANESSA,Psychology,3.6074714910604584
Yes,45,SGGSAC,Anthropology,3.4844460986446175
Yes,NA,SGGSAC,Sociology,2.932371732351118
Yes,26,SGGSAC,Economics,3.2297972974808404
Yes,NA,SUCSAC,Psychology,3.6045383910595152
Yes,45,SGGSAC,Anthropology,3.0498932309995794
Yes,25,SGGSAC,Sociology,3.34025959250127
Yes,NA,SGGSAC,Sociology,3.3560183003584028
Maybe,28,SUCSAC,Economics,3.851640841673226
Maybe,33,SGGSAC,Psych/poli sci,2.909078131916758
Yes,27,SGGSAC,Anthropology,3.431420426815346
Maybe,25,SGGSAC,Anthropology,3.513979479640461
Yes,45,SGGSAC,Anthropology,3.491963002626034
Yes,23,SGGSAC,Political Science,3.4012720174096134
Yes,24,SGGSAC,Anthropology,3.9713580631163055
Maybe,28,SUCSAC,Economics,3.3250187769720676
Yes,24,SGGSAC,Sociology,3.4068714844746197
Yes,35,SUCSAC,Economics,3.323458595087824
Maybe,33,SGGSAC,Psych/poli sci,3.0008254066868183
Maybe,24,SGGSAC,Sociology,4.085695842773542
Maybe,24,SGGSAC,Sociology,3.407939236914328
Yes,22,SGGSAC,Sociology,3.601635757461326
Maybe,28,SUCSAC,Economics,3.6918724262527163
Maybe,28,SUCSAC,Economics,3.2979609284749514
Yes,NA,SUCSAC,Psychology,2.85563536496091
Yes,24,SGGSAC,Sociology,3.840315055683093
Yes,25,SGGSAC,Sociology,3.0249639078220727
Maybe,28,SUCSAC,Economics,3.7359739324305195
Yes,35,SUCSAC,Economics,3.2556487543354358
Yes,24,SGGSAC,Sociology,3.2715497555971713
Yes,NA,SGGSAC,Sociology,2.9198677494579206
Yes,22,SGGSAC,Sociology,3.7303912903954903
Yes,NA,SUCSAC,Psychology,3.3203797292342494
Maybe,24,SGGSAC,Sociology,2.9159579931533077
Maybe,25,SGGSAC,Anthropology,3.41669182376934
Yes,23,VANESSA,Psychology,3.4968627291838357
Yes,NA,VANESSA,Sociology,3.450831039245827
Yes,NA,SUCSAC,Psychology,3.610591523520095
Yes,27,VANESSA,Psychology,3.2228355271582654
Maybe,25,SGGSAC,Anthropology,3.6505720686695855
Maybe,33,SGGSAC,Psych/poli sci,3.560719865399106
Yes,22,SGGSAC,Sociology,3.4856349628831014
Maybe,24,SGGSAC,Sociology,3.109077015072215
Yes,NA,SUCSAC,Psychology,3.3385630984679526
Yes,24,SGGSAC,History,3.522366587464474
Yes,25,SGGSAC,Sociology,3.6025125696161155
Yes,27,VANESSA,Psychology,3.704213992185514
Yes,27,VANESSA,Sociology,3.2948845951577477
Yes,23,SGGSAC,Economics,3.4560290135229312
Yes,23,SGGSAC,Anthropology,3.3421759572552165
Yes,23,SGGSAC,Sociology,3.3182761501735354
Yes,27,VANESSA,Psychology,3.3565933045729346
Yes,26,SGGSAC,Economics,3.445141828296646
Yes,NA,SUCSAC,Psychology,3.549826090782643
Yes,NA,SGGSAC,Sociology,3.106936391323988
Yes,NA,VANESSA,Sociology,2.8607662384819696
Maybe,33,SGGSAC,Psych/poli sci,2.885305569784107
Yes,26,VANESSA,Anthropology,3.932882638986217
Yes,24,SGGSAC,Anthropology,3.9677019478086955
Yes,23,SGGSAC,Political Science,3.094926888340646
Yes,27,VANESSA,Sociology,3.4481192742057423
Yes,35,SUCSAC,Economics,3.4478585125084877
Yes,23,SGGSAC,Sociology,3.478346692858665
Yes,27,VANESSA,Psychology,2.8327665420479278
Yes,24,SGGSAC,Anthropology,3.0237551533037323
Yes,23,SGGSAC,Sociology,3.862610701163937
Yes,23,SGGSAC,Anthropology,3.51954549247947
Yes,35,SGGSAC,Economics,3.057986884842387
Maybe,33,SGGSAC,Psych/poli sci,3.4007974028867474
Yes,24,SGGSAC,Anthropology,3.8470595018461853
Yes,24,SGGSAC,Sociology,3.036324399901459
Yes,25,SGGSAC,Sociology,3.5438042103955856
Yes,35,SUCSAC,Economics,3.5983537590582366
Yes,31,SGGSAC,Sociology,4.053710073378843
Yes,25,SGGSAC,Sociology,3.0981277335010784
Yes,22,SGGSAC,Sociology,3.8431978107411147
Maybe,24,SGGSAC,Sociology,3.100882991414888
Yes,25,SGGSAC,Sociology,3.1298602503804736
Maybe,28,SUCSAC,Economics,3.891658217563524
Yes,24,SGGSAC,History,3.7340449594806695
Yes,24,SGGSAC,Sociology,3.016503348225753
Yes,45,SGGSAC,Anthropology,3.9958830214206262
Yes,NA,SGGSAC,Sociology,3.382855770174573
Yes,24,SGGSAC,Sociology,3.4808922395274697
Yes,27,VANESSA,Sociology,3.22028334013192
Yes,35,SGGSAC,Economics,3.9877040118398495
Yes,24,SGGSAC,Sociology,3.704617218203782
Yes,26,VANESSA,Anthropology,4.122662002424201
Maybe,28,SUCSAC,Economics,3.294125233273285
Yes,NA,VANESSA,Sociology,3.76094740852119
Yes,27,VANESSA,Psychology,3.036400638447547
Maybe,25,SGGSAC,Anthropology,3.7496493196184266
Yes,NA,VANESSA,Sociology,3.5890377317265205
Yes,27,SGGSAC,Anthropology,3.4671715198226143
Maybe,28,SUCSAC,Economics,3.764169115847258
Maybe,25,SGGSAC,Anthropology,3.242427643660728
Yes,26,SGGSAC,Economics,2.9984084381151783
Yes,23,SGGSAC,Political Science,3.7746721177239624
Yes,35,SUCSAC,Economics,3.421392593805318
Yes,27,VANESSA,Psychology,3.6934592711331957
Yes,24,SGGSAC,History,3.446663767445399
Yes,23,SGGSAC,Economics,2.853851863315968
Yes,23,SGGSAC,Political Science,3.3947239825063726
Yes,23,SGGSAC,Sociology,3.833381157776779
Yes,26,SGGSAC,Economics,4.410780289701487
Yes,22,SGGSAC,Sociology,3.5609864773468485
Yes,24,SGGSAC,Anthropology,3.714110110011219
Yes,23,VANESSA,Psychology,3.5844326325962466
Yes,NA,SUCSAC,Psychology,3.7985366688429516
Yes,NA,SUCSAC,Psychology,2.921362649260678
Yes,27,SGGSAC,Anthropology,3.5778731975224214
Maybe,25,SGGSAC,Anthropology,3.773165357691691
Maybe,28,SUCSAC,Economics,3.2846342500112575
Yes,24,SGGSAC,Anthropology,3.4584447015726814
Yes,NA,SUCSAC,Psychology,3.1866080715907206
Yes,45,SGGSAC,Anthropology,3.82806442082645
Yes,24,SGGSAC,Anthropology,3.4642938578724847
Yes,31,SGGSAC,Sociology,4.075618066077183
Yes,27,VANESSA,Sociology,3.2426414016484806
Yes,NA,SUCSAC,Psychology,3.366763766827844
Yes,24,SGGSAC,Anthropology,3.7728950839752855
Yes,35,SGGSAC,Economics,3.544676010008434
Yes,NA,SUCSAC,Psychology,3.274709884885222
Yes,23,VANESSA,Psychology,3.7728992301424764
Yes,24,SGGSAC,Anthropology,3.462140974956519
Maybe,28,SUCSAC,Economics,4.225490441440143
Yes,23,SGGSAC,Economics,3.4459571434600074
Yes,45,SGGSAC,Anthropology,4.079248295175985
Yes,27,VANESSA,Sociology,3.5492025907318925
Yes,24,SGGSAC,Anthropology,3.3558786403313396
Yes,24,SGGSAC,History,3.258954841153352
Yes,27,VANESSA,Psychology,3.243552132911488
Yes,31,SGGSAC,Sociology,3.76171552310974
Maybe,33,SGGSAC,Psych/poli sci,3.5671775214787895
Maybe,25,SGGSAC,Anthropology,3.561825335166872
Yes,NA,VANESSA,Sociology,3.515001596915742
Yes,NA,SGGSAC,Sociology,3.910627762367565
Yes,23,SGGSAC,Economics,3.87832003949385
Yes,24,SGGSAC,Anthropology,2.674651797403548
Yes,27,VANESSA,Psychology,3.9294538037139857
Yes,NA,SUCSAC,Psychology,3.6786781555831056
Yes,26,VANESSA,Anthropology,3.5514202264503454
Yes,27,VANESSA,Sociology,3.2778484053949186
Maybe,24,SGGSAC,Sociology,3.5820279253792298
Yes,24,SGGSAC,History,3.771797177000446
Yes,24,SGGSAC,Anthropology,3.2313554261384603
Yes,24,SGGSAC,Sociology,3.6788660718465955
Yes,24,SGGSAC,History,3.6143360896563665
Yes,24,SGGSAC,Anthropology,3.278241461438408
Yes,27,SGGSAC,Anthropology,3.9247831691043475
Yes,22,SGGSAC,Sociology,3.550067896590693
Yes,22,SGGSAC,Sociology,3.7598028394186134
Yes,24,SGGSAC,Sociology,3.7663945799031557
Yes,26,VANESSA,Anthropology,3.3294981063941806
Maybe,24,SGGSAC,Sociology,3.6292261522579636
Yes,35,SGGSAC,Economics,2.8931399742467723
Yes,22,SGGSAC,Sociology,3.7131850956314927
Maybe,24,SGGSAC,Sociology,3.2917319851571256
Maybe,24,SGGSAC,Sociology,3.8836273941317567
Maybe,24,SGGSAC,Sociology,3.6303978561730643
Maybe,28,SUCSAC,Economics,2.8837221030945464
Yes,23,SGGSAC,Sociology,2.973221525609401
Maybe,33,SGGSAC,Psych/poli sci,3.361757692935638
Yes,NA,SUCSAC,Psychology,3.3673865102293457
Maybe,25,SGGSAC,Anthropology,4.063190831548477
Yes,22,SGGSAC,Sociology,3.584511479876746
Yes,25,SGGSAC,Sociology,3.2356709476484715
Yes,NA,SGGSAC,Sociology,3.6653100392092455
Yes,25,SGGSAC,Sociology,3.2271060960841815
Maybe,33,SGGSAC,Psych/poli sci,3.37328883231358
Yes,27,VANESSA,Psychology,3.261132526715161
Yes,26,VANESSA,Anthropology,4.042078993862333
Yes,24,SGGSAC,Anthropology,3.145930164053346
Yes,31,SGGSAC,Sociology,3.6263896233556423
Yes,27,VANESSA,Sociology,3.5869053049590884
Yes,23,SGGSAC,Anthropology,3.8231327643025805
Yes,25,SGGSAC,Sociology,3.5038294374122567
Yes,24,SGGSAC,History,3.2722878547735057
Yes,23,SGGSAC,Anthropology,3.753506890952565
Yes,NA,SUCSAC,Psychology,3.7340009278675583
Yes,NA,SGGSAC,Sociology,3.6820189360892837
Yes,25,SGGSAC,Sociology,3.416439322905642
Yes,35,SUCSAC,Economics,3.774990719449306
Yes,26,VANESSA,Anthropology,2.9524644410314034
Yes,26,VANESSA,Anthropology,3.869991021398639
Yes,45,SGGSAC,Anthropology,3.87621850817879
Yes,45,SGGSAC,Anthropology,3.4716807918732417
Yes,24,SGGSAC,Sociology,3.282598969808406
Yes,NA,SGGSAC,Sociology,3.6610105099548194
Yes,22,SGGSAC,Sociology,3.1033802547819627
Yes,24,SGGSAC,Anthropology,3.340794079264469
Yes,22,SGGSAC,Sociology,3.8408213746274917
Yes,25,SGGSAC,Sociology,3.278654549557627
Yes,26,SGGSAC,Economics,4.023751561205004
Maybe,33,SGGSAC,Psych/poli sci,3.131670767080737
Yes,24,SGGSAC,Sociology,3.188151453363343
Yes,24,SGGSAC,Anthropology,3.5067333992469796
Yes,45,SGGSAC,Anthropology,3.4933955036470916
Maybe,28,SUCSAC,Economics,3.6409048394617236
Yes,31,SGGSAC,Sociology,3.362238831050432
Yes,23,SGGSAC,Anthropology,3.6357974704827374
Yes,24,SGGSAC,History,3.6274414839277926
Yes,23,SGGSAC,Sociology,3.9479892931446754
Yes,NA,VANESSA,Sociology,3.423680843961532
Yes,24,SGGSAC,Anthropology,3.794612541597671
Yes,24,SGGSAC,History,3.838353866986132
Yes,24,SGGSAC,Sociology,2.9656788955929914
Yes,25,SGGSAC,Sociology,3.4621275970632053
Yes,24,SGGSAC,Anthropology,3.5511594340972628
Maybe,33,SGGSAC,Psych/poli sci,4.163774436074635
Yes,27,VANESSA,Psychology,4.07219949059271
Yes,24,SGGSAC,History,3.5970104264082714
Yes,24,SGGSAC,Sociology,3.299175726743235
Maybe,33,SGGSAC,Psych/poli sci,3.588532759651468
Yes,26,SGGSAC,Economics,3.7273710642663116
Yes,35,SGGSAC,Economics,3.093033582619966
Maybe,25,SGGSAC,Anthropology,3.242456049322326
Yes,22,SGGSAC,Sociology,3.6359532027247035
Yes,27,VANESSA,Psychology,3.387500816145523
Yes,26,VANESSA,Anthropology,3.9377759883011545
Yes,24,SGGSAC,Sociology,3.511531944092901
Yes,24,SGGSAC,Anthropology,3.5133066703784954
Yes,24,SGGSAC,Anthropology,3.714326082127868
Yes,23,SGGSAC,Anthropology,3.2243939751297113
Maybe,24,SGGSAC,Sociology,3.3442273698866147
Yes,35,SUCSAC,Economics,3.789967596890957
Yes,31,SGGSAC,Sociology,3.3584121250294134
Yes,23,SGGSAC,Anthropology,3.9615091291069406
Yes,24,SGGSAC,History,3.491653175731683
Yes,NA,SUCSAC,Psychology,3.2408807389485625
Yes,35,SGGSAC,Economics,4.090856491065687
Yes,23,VANESSA,Psychology,3.5789081009475643
Maybe,28,SUCSAC,Economics,3.1247380644028593
Yes,24,SGGSAC,Anthropology,3.28994209744214
Yes,24,SGGSAC,Anthropology,3.5192742447954792
Yes,27,SGGSAC,Anthropology,3.30551852618531
Yes,35,SUCSAC,Economics,3.018293888667995
Maybe,24,SGGSAC,Sociology,3.347452171160071
Yes,NA,VANESSA,Sociology,3.21679542213538
Yes,23,VANESSA,Psychology,3.49601039610189
Yes,27,VANESSA,Psychology,3.611041332489612
Yes,24,SGGSAC,Anthropology,3.936762522423845
Yes,NA,SGGSAC,Sociology,3.214397815807471
Yes,23,VANESSA,Psychology,3.4297090779834645
Maybe,25,SGGSAC,Anthropology,3.371384327124086
Yes,23,VANESSA,Psychology,3.5323707367558725
Yes,27,VANESSA,Psychology,3.744528134570404
Yes,35,SGGSAC,Economics,3.3521475731201185
Yes,22,SGGSAC,Sociology,3.504203907797362
Yes,27,SGGSAC,Anthropology,4.245036503684064
Maybe,24,SGGSAC,Sociology,3.1153572205506825
Yes,35,SUCSAC,Economics,3.465711958350243
Yes,31,SGGSAC,Sociology,3.4347703589203697
Yes,24,SGGSAC,History,3.6783737699684265
Yes,45,SGGSAC,Anthropology,3.314530450737793
Yes,35,SUCSAC,Economics,3.329008965468509
Yes,45,SGGSAC,Anthropology,3.554143476865771
Yes,24,SGGSAC,Sociology,3.7718323063383097
Maybe,24,SGGSAC,Sociology,3.736674956958595
Yes,45,SGGSAC,Anthropology,3.6662027400212143
Yes,24,SGGSAC,Anthropology,3.3820513796414646
Yes,NA,SGGSAC,Sociology,3.069077586610764
Yes,22,SGGSAC,Sociology,3.811788129377463
Maybe,25,SGGSAC,Anthropology,3.7632402973044514
Maybe,28,SUCSAC,Economics,3.785767826536561
Yes,31,SGGSAC,Sociology,3.948398905733817
Yes,24,SGGSAC,History,3.391575754734081
Yes,26,VANESSA,Anthropology,3.2199113710218095
Maybe,25,SGGSAC,Anthropology,3.0783111022694953
Yes,NA,SUCSAC,Psychology,3.0308628784756007
Yes,NA,SGGSAC,Sociology,3.463197496655317
Yes,23,SGGSAC,Anthropology,3.603811629358855
Yes,NA,SUCSAC,Psychology,3.1772708625180712
Yes,22,SGGSAC,Sociology,3.727101463051035
Yes,26,SGGSAC,Economics,3.0718535445252426
Yes,24,SGGSAC,Anthropology,3.395202392869656
Yes,NA,SUCSAC,Psychology,4.165521637770477
Maybe,24,SGGSAC,Sociology,3.283706976489544
Yes,NA,VANESSA,Sociology,3.3813656238933785
Yes,22,SGGSAC,Sociology,3.7521294929095164
Yes,22,SGGSAC,Sociology,3.7931206409163205
Yes,23,SGGSAC,Sociology,3.573726377531149
Maybe,28,SUCSAC,Economics,3.250080582099706
Yes,25,SGGSAC,Sociology,3.5661208664956057
Yes,27,SGGSAC,Anthropology,3.544051580678017
Yes,24,SGGSAC,Anthropology,3.4121668545656587
Yes,22,SGGSAC,Sociology,2.9926406585672636
Yes,26,SGGSAC,Economics,3.8737074467052994
Yes,27,VANESSA,Sociology,3.718195580181265
Maybe,28,SUCSAC,Economics,3.5824652124604195
Yes,NA,SGGSAC,Sociology,3.926011746008469
Yes,NA,VANESSA,Sociology,3.3969225199045767
Yes,23,SGGSAC,Political Science,3.8381530492000326
Yes,23,SGGSAC,Political Science,3.4373026867727674
Yes,NA,SGGSAC,Sociology,3.823290306301915
Yes,27,VANESSA,Sociology,3.57054808899051
Yes,26,VANESSA,Anthropology,3.8003251020590203
Yes,24,SGGSAC,Anthropology,3.7190566945057335
Yes,24,SGGSAC,Sociology,4.229841894440521
Yes,35,SUCSAC,Economics,3.4524848714290806
Yes,27,VANESSA,Psychology,3.15644957320584
Yes,23,VANESSA,Psychology,3.487704088866602
Yes,27,SGGSAC,Anthropology,3.363413278674786
Yes,25,SGGSAC,Sociology,3.2702743485568715
Yes,24,SGGSAC,History,3.5779205559069442
Yes,24,SGGSAC,Anthropology,3.266175986809347
Yes,27,VANESSA,Sociology,3.3741074590585547
Yes,23,SGGSAC,Political Science,3.6576251165471065
Yes,35,SGGSAC,Economics,3.0633468092949823
Yes,35,SGGSAC,Economics,3.2134685940747696
Maybe,33,SGGSAC,Psych/poli sci,3.3194747980560844
Yes,27,VANESSA,Sociology,2.9262361779326778
Yes,35,SUCSAC,Economics,3.28425966777645
Yes,24,SGGSAC,Anthropology,3.7924346985919115
Yes,NA,SUCSAC,Psychology,3.639575472357356
Yes,27,VANESSA,Sociology,3.3336213975099884
Yes,NA,SGGSAC,Sociology,3.325808512353907
Yes,31,SGGSAC,Sociology,3.8819974215812807
Yes,31,SGGSAC,Sociology,3.5553055190334697
Yes,NA,SGGSAC,Sociology,3.75173815352949
Maybe,28,SUCSAC,Economics,3.287666276636207
Yes,NA,VANESSA,Sociology,3.778283199128786
Maybe,33,SGGSAC,Psych/poli sci,3.4131488851198206
Yes,22,SGGSAC,Sociology,4.029808093109132
Yes,NA,SGGSAC,Sociology,3.609884073448158
Yes,23,SGGSAC,Anthropology,3.452340934486196
Yes,NA,VANESSA,Sociology,3.138803642123537
Yes,23,SGGSAC,Sociology,3.024354542686959
Yes,NA,VANESSA,Sociology,3.7134687472574757
Yes,35,SGGSAC,Economics,3.469825142726369
Yes,24,SGGSAC,Anthropology,3.2083262346799373
Yes,27,VANESSA,Psychology,3.33441465726061
Yes,23,VANESSA,Psychology,4.036821081544935
Yes,23,SGGSAC,Sociology,3.1258263229753345
Yes,27,VANESSA,Psychology,3.3861443653557703
Yes,23,SGGSAC,Sociology,3.5483281591624123
Yes,27,VANESSA,Sociology,3.5482417093921392
Yes,24,SGGSAC,Anthropology,4.13317198089951
Maybe,28,SUCSAC,Economics,3.282597002415545
Yes,35,SGGSAC,Economics,3.397458178420388
Yes,25,SGGSAC,Sociology,3.4811214129282466
Yes,27,VANESSA,Sociology,3.8807125607604087
Yes,NA,SUCSAC,Psychology,3.351794204371181
Maybe,24,SGGSAC,Sociology,3.152919829928151
Maybe,25,SGGSAC,Anthropology,3.667866546114482
Yes,25,SGGSAC,Sociology,3.849345134319804
Yes,23,SGGSAC,Anthropology,3.286331062438441
Yes,23,VANESSA,Psychology,3.2910391637036875
Yes,26,VANESSA,Anthropology,3.370371346237777
Yes,27,SGGSAC,Anthropology,3.3580606625979508
Yes,23,SGGSAC,Anthropology,3.7326786092329236
Maybe,25,SGGSAC,Anthropology,4.041828809784366
Yes,NA,SGGSAC,Sociology,3.454554280466172
Yes,45,SGGSAC,Anthropology,3.7378540890906815
Yes,25,SGGSAC,Sociology,3.6929825586770977
Yes,NA,SGGSAC,Sociology,3.5417646787335078
Yes,24,SGGSAC,Anthropology,3.3178709999013245
Yes,27,VANESSA,Sociology,3.286125194134985
Yes,27,VANESSA,Psychology,3.957946039206627
Yes,26,VANESSA,Anthropology,3.7442221405102782
Yes,NA,VANESSA,Sociology,3.395900932046882
Maybe,28,SUCSAC,Economics,3.481492925902627
Maybe,28,SUCSAC,Economics,3.140274836026571
Yes,24,SGGSAC,Anthropology,3.2618354544282635
Yes,24,SGGSAC,Anthropology,3.5076492167806483
Maybe,25,SGGSAC,Anthropology,3.4239519193250967
Yes,NA,SUCSAC,Psychology,2.6715492892369697
Yes,23,SGGSAC,Political Science,3.4187802715412454
Yes,NA,SUCSAC,Psychology,3.8237606743035646
Yes,31,SGGSAC,Sociology,3.7666606400978937
Yes,23,SGGSAC,Anthropology,4.0381494075544015
Yes,24,SGGSAC,Anthropology,3.3481616549836546
Yes,31,SGGSAC,Sociology,3.423704025725423
Yes,NA,SGGSAC,Sociology,3.2336260670983816
Yes,NA,SUCSAC,Psychology,3.715286685765452
Yes,23,SGGSAC,Economics,3.4910127456847007
Yes,31,SGGSAC,Sociology,3.529805741769117
Yes,27,VANESSA,Sociology,3.523337859304802
Yes,23,SGGSAC,Political Science,3.5588851369751895
Yes,45,SGGSAC,Anthropology,3.4534396298892567
Yes,24,SGGSAC,Anthropology,3.711018723540611
Yes,26,VANESSA,Anthropology,2.996237160802158
Yes,27,SGGSAC,Anthropology,3.5877708001913877
Maybe,28,SUCSAC,Economics,3.8517026429311096
Yes,27,VANESSA,Sociology,3.1980323482394084
Yes,26,VANESSA,Anthropology,3.6428073687067357
Yes,24,SGGSAC,Anthropology,3.2997842261875268
Yes,23,SGGSAC,Political Science,3.540221442258377
Yes,NA,VANESSA,Sociology,3.70643765602992
Yes,NA,VANESSA,Sociology,3.3449221639826234
Yes,23,SGGSAC,Economics,3.1269774078846413
Maybe,33,SGGSAC,Psych/poli sci,3.233716015457321
Yes,22,SGGSAC,Sociology,3.340738976358922
Yes,45,SGGSAC,Anthropology,3.796584926576094
Maybe,28,SUCSAC,Economics,3.4728299711977537
Yes,25,SGGSAC,Sociology,3.381178120955359
Yes,26,VANESSA,Anthropology,3.456708325511011
Maybe,33,SGGSAC,Psych/poli sci,3.5309971220608998
Yes,23,VANESSA,Psychology,3.4620390049964005
Yes,NA,SUCSAC,Psychology,3.434072282952725
Yes,23,SGGSAC,Anthropology,3.869191474173526
Yes,NA,VANESSA,Sociology,3.6313339467070596
Yes,35,SGGSAC,Economics,3.5618163337072835
Yes,23,SGGSAC,Economics,3.5933571393860375
Maybe,28,SUCSAC,Economics,3.140889388605391
Yes,35,SGGSAC,Economics,3.524562148543846
Yes,23,SGGSAC,Political Science,3.500846846270411
Yes,23,SGGSAC,Economics,3.259354320519427
Yes,NA,SGGSAC,Sociology,3.2802058241368846
Yes,27,SGGSAC,Anthropology,3.6292706115648024
Yes,27,SGGSAC,Anthropology,3.5556295041908843
Yes,27,VANESSA,Psychology,3.3214228848635523
Yes,22,SGGSAC,Sociology,3.7600241897394606
Yes,25,SGGSAC,Sociology,3.596652580090811
Yes,26,SGGSAC,Economics,3.519637281557019
Yes,23,SGGSAC,Sociology,3.1119867458746473
Maybe,33,SGGSAC,Psych/poli sci,3.4384692849738716
Yes,23,SGGSAC,Economics,3.5900475152462743
Yes,27,VANESSA,Psychology,3.144854646837376
Yes,26,SGGSAC,Economics,3.3225262922222067
Yes,27,SGGSAC,Anthropology,3.927951298212109
Yes,23,SGGSAC,Anthropology,3.923765641174492
Maybe,25,SGGSAC,Anthropology,3.8346830846384856
Yes,26,SGGSAC,Economics,3.0931914922633217
Yes,NA,VANESSA,Sociology,3.5263247839940077
Maybe,33,SGGSAC,Psych/poli sci,3.8414778920760178
Maybe,28,SUCSAC,Economics,3.223010600117663
Yes,23,SGGSAC,Anthropology,3.1278945967982317
Yes,23,SGGSAC,Political Science,3.139788790213085
Yes,35,SGGSAC,Economics,3.0489720643127662
Yes,NA,SUCSAC,Psychology,3.654506995840361
Yes,26,SGGSAC,Economics,3.661477305125541
Yes,23,SGGSAC,Economics,3.0634877381606205
Maybe,33,SGGSAC,Psych/poli sci,3.8806092607452096
Yes,24,SGGSAC,Anthropology,3.3549171274023872
Yes,24,SGGSAC,Anthropology,3.1651462443343914
Yes,23,SGGSAC,Anthropology,3.2509018983041296
Yes,35,SUCSAC,Economics,3.3201889196442083
Yes,24,SGGSAC,Anthropology,3.68129694700742
Yes,23,SGGSAC,Economics,3.0374824994978775
Yes,23,SGGSAC,Economics,3.055077597098807
Yes,23,SGGSAC,Political Science,3.3467071937041086
Yes,31,SGGSAC,Sociology,3.426710122077937
Yes,24,SGGSAC,History,3.0407134172962262
Yes,24,SGGSAC,Anthropology,3.6798449580906945
Yes,NA,SUCSAC,Psychology,3.6212055430247685
Yes,22,SGGSAC,Sociology,3.3767753517717787
Yes,23,SGGSAC,Political Science,3.4006294644059425
Yes,22,SGGSAC,Sociology,3.754188183625802
Maybe,33,SGGSAC,Psych/poli sci,3.117513231655064
Yes,22,SGGSAC,Sociology,3.556309433651672
Yes,23,SGGSAC,Economics,3.3639979930607797
Yes,23,SGGSAC,Political Science,3.79138276501904
Yes,NA,SUCSAC,Psychology,3.703574029595795
Maybe,33,SGGSAC,Psych/poli sci,3.302882705122565
Yes,23,SGGSAC,Sociology,3.1149071180203367
Yes,NA,SUCSAC,Psychology,3.5974976149086784
Yes,26,SGGSAC,Economics,3.6258061991543524
Yes,22,SGGSAC,Sociology,3.395872885603006
Yes,26,SGGSAC,Economics,3.5158646706812218
Yes,31,SGGSAC,Sociology,3.3679556952647403
Yes,24,SGGSAC,Anthropology,3.6210121377913436
Yes,24,SGGSAC,History,3.533957296830262
Yes,NA,SUCSAC,Psychology,3.997542409266503
Yes,24,SGGSAC,Anthropology,3.1530145811318606
Yes,31,SGGSAC,Sociology,3.3260942499253705
Yes,26,SGGSAC,Economics,3.5126843212289
Yes,24,SGGSAC,Anthropology,3.392884239687913
Yes,27,VANESSA,Sociology,3.283997104907762
Yes,NA,SUCSAC,Psychology,2.8629094885544695
Yes,27,VANESSA,Sociology,3.251441633724029
Yes,24,SGGSAC,Anthropology,3.3976334419094663
Yes,NA,SUCSAC,Psychology,3.4867618434124976
Yes,22,SGGSAC,Sociology,3.366370717527064
Maybe,33,SGGSAC,Psych/poli sci,3.6561922083458622
Yes,23,SGGSAC,Political Science,3.7803901897216825
Yes,26,SGGSAC,Economics,3.729066910383303
Yes,26,SGGSAC,Economics,4.038646876667242
Yes,NA,SGGSAC,Sociology,3.295474662723749
Maybe,33,SGGSAC,Psych/poli sci,3.219273171790415
Yes,27,VANESSA,Sociology,3.5150329401923828
Maybe,33,SGGSAC,Psych/poli sci,3.5564036862342854
Yes,NA,SGGSAC,Sociology,3.556448897601845
Maybe,33,SGGSAC,Psych/poli sci,3.363612512256076
Yes,NA,SGGSAC,Sociology,3.629313881569022
Yes,NA,SGGSAC,Sociology,3.466828048544676
Yes,NA,SGGSAC,Sociology,3.365412559943671
Yes,NA,SGGSAC,Sociology,3.5051142980107213
Yes,22,SGGSAC,Sociology,3.6438239648162014
Yes,23,SGGSAC,Sociology,3.836348500083128
Yes,NA,SGGSAC,Sociology,3.3843436664947104
Yes,24,SGGSAC,Anthropology,3.5778328103706767
Yes,31,SGGSAC,Sociology,3.5021507014439806
Yes,24,SGGSAC,Anthropology,3.4439551764455736
Yes,23,SGGSAC,Economics,4.204035206725571
Yes,23,SGGSAC,Sociology,3.664414673265965
Yes,31,SGGSAC,Sociology,3.570460375338329
Yes,24,SGGSAC,Anthropology,3.6004323591862706
Yes,23,SGGSAC,Economics,3.9424363484975995
Yes,22,SGGSAC,Sociology,3.55697868094607
Maybe,33,SGGSAC,Psych/poli sci,3.359428823809477
Yes,23,SGGSAC,Political Science,3.020133179268388
Yes,22,SGGSAC,Sociology,3.285740264483389
Yes,27,VANESSA,Sociology,3.538430592681141
Yes,26,SGGSAC,Economics,3.696110099173968
Yes,31,SGGSAC,Sociology,3.4096150348214933
Yes,24,SGGSAC,Anthropology,3.130065268332889
Yes,27,VANESSA,Sociology,3.338798828746925
Yes,NA,SUCSAC,Psychology,3.5529365190654794
Yes,23,SGGSAC,Economics,3.6845912624954096
Yes,24,SGGSAC,History,3.6997979926072064
Yes,NA,SGGSAC,Sociology,3.3266182518382625
Yes,24,SGGSAC,Anthropology,2.929306822560755
Yes,24,SGGSAC,Anthropology,3.4170515536970227
Yes,24,SGGSAC,Anthropology,3.0723385901813445
Yes,31,SGGSAC,Sociology,3.809393945893737
Yes,23,SGGSAC,Political Science,3.4752392860740544
Yes,22,SGGSAC,Sociology,4.184278302361144
Yes,31,SGGSAC,Sociology,3.278867358765931
Yes,23,SGGSAC,Political Science,3.426060834315362
Maybe,33,SGGSAC,Psych/poli sci,3.8963368121375312
Yes,31,SGGSAC,Sociology,3.63933654680391
Yes,24,SGGSAC,Anthropology,4.005706548419252
Yes,23,SGGSAC,Economics,3.7498607118894345
Yes,31,SGGSAC,Sociology,3.5739940354064883
Yes,27,VANESSA,Sociology,3.4939127089305875
Yes,23,SGGSAC,Economics,3.651847044330314
Yes,24,SGGSAC,History,3.1286754463961577
Yes,31,SGGSAC,Sociology,2.925274572357978
Yes,23,SGGSAC,Political Science,3.626688523855419
Yes,23,SGGSAC,Economics,3.3718255726784143
Yes,NA,SUCSAC,Psychology,3.371650328479776
Yes,24,SGGSAC,Anthropology,3.3844589236434643
Maybe,33,SGGSAC,Psych/poli sci,3.558946155338141
Maybe,33,SGGSAC,Psych/poli sci,3.5544838968747863
Yes,23,SGGSAC,Sociology,3.3074157620846907
Yes,26,SGGSAC,Economics,3.2627586021711217
Yes,24,SGGSAC,Anthropology,3.1210684704788076
Yes,23,SGGSAC,Sociology,3.61718291903177
Maybe,33,SGGSAC,Psych/poli sci,3.5939079913463323
Yes,22,SGGSAC,Sociology,3.6179322179867337
Yes,NA,SUCSAC,Psychology,3.1306052208918396
Yes,23,SGGSAC,Economics,3.128780069675614
Yes,31,SGGSAC,Sociology,3.2253094456286933
Yes,24,SGGSAC,History,3.4265380474153884
Yes,24,SGGSAC,Anthropology,3.240503597757104
Yes,31,SGGSAC,Sociology,3.3409566903649406
Yes,NA,SUCSAC,Psychology,3.3639673133579118
Yes,27,VANESSA,Sociology,3.097625939075568
Yes,22,SGGSAC,Sociology,3.5692040925792363
Yes,NA,SGGSAC,Sociology,3.6116956651228733
Yes,31,SGGSAC,Sociology,3.329559306107508
Maybe,33,SGGSAC,Psych/poli sci,3.6974971965521313
Yes,24,SGGSAC,Anthropology,3.6637681876189756
Yes,24,SGGSAC,Anthropology,3.3003427212180974
Yes,23,SGGSAC,Sociology,3.413174554538903
Yes,22,SGGSAC,Sociology,3.245331207644237
Yes,27,VANESSA,Sociology,3.617252065678606
Yes,NA,SGGSAC,Sociology,3.5260724453942047
Yes,26,SGGSAC,Economics,3.501549902388249
Yes,23,SGGSAC,Political Science,3.3247176508578615
Yes,23,SGGSAC,Economics,3.6823307673310333
Yes,27,VANESSA,Sociology,2.941334669320859
Yes,26,SGGSAC,Economics,3.8370113491976077
Yes,23,SGGSAC,Economics,3.26450909221321
Yes,24,SGGSAC,Anthropology,3.7481627383846163
Yes,23,SGGSAC,Economics,3.556584636404527
Yes,24,SGGSAC,Anthropology,3.439483286122798
Yes,23,SGGSAC,Sociology,3.0802011285374755
Yes,24,SGGSAC,Anthropology,3.6033073261829234
Yes,23,SGGSAC,Economics,2.9475105950537768
Yes,23,SGGSAC,Economics,3.4048858154877144
Yes,31,SGGSAC,Sociology,3.2162445388953977
Yes,22,SGGSAC,Sociology,3.647549263603198
Yes,24,SGGSAC,Anthropology,3.557510683562932
Yes,NA,SGGSAC,Sociology,3.7473027481897634
Yes,27,VANESSA,Sociology,2.9510540276311543
Yes,NA,SUCSAC,Psychology,3.319134929697255
Maybe,33,SGGSAC,Psych/poli sci,3.385812196513649
Yes,27,VANESSA,Sociology,3.5137932453505987
Yes,24,SGGSAC,History,4.0343253943980715
Yes,23,SGGSAC,Economics,3.2957232514339956
Yes,NA,SUCSAC,Psychology,3.6020384642529444
Yes,24,SGGSAC,Anthropology,3.5174970202739826
Yes,26,SGGSAC,Economics,3.268290209239651
Yes,26,SGGSAC,Economics,3.9453361700557013
Yes,23,SGGSAC,Political Science,3.7727288918883914
Yes,27,VANESSA,Sociology,3.1977007594700884
Yes,24,SGGSAC,History,3.527108035606033
Yes,31,SGGSAC,Sociology,3.6160341893067027
Yes,24,SGGSAC,History,3.5874685218236824
Yes,24,SGGSAC,History,3.2735770480475788
Yes,23,SGGSAC,Economics,3.7375088682693094
Yes,24,SGGSAC,Anthropology,4.072031019208279
Yes,24,SGGSAC,Anthropology,3.180795376328056
Yes,NA,SGGSAC,Sociology,3.8226096032406978
Yes,31,SGGSAC,Sociology,3.354721898734261
Yes,NA,SUCSAC,Psychology,3.4218637738799758
Yes,24,SGGSAC,History,3.8066220640770845
Yes,23,SGGSAC,Political Science,3.4589789423586548
Maybe,33,SGGSAC,Psych/poli sci,3.928269566121364
Yes,NA,SUCSAC,Psychology,3.219796194398122
Yes,22,SGGSAC,Sociology,3.160146739908329
Yes,24,SGGSAC,Anthropology,3.4643593932361525
Yes,23,SGGSAC,Economics,3.1867262613971454
Yes,24,SGGSAC,History,3.326904694084897
Yes,24,SGGSAC,Anthropology,3.457169452653196
Yes,23,SGGSAC,Economics,3.1954678676570794
Yes,24,SGGSAC,History,3.663145707760383
Yes,24,SGGSAC,Anthropology,3.1564072775203007
Yes,22,SGGSAC,Sociology,3.773853187265529
Yes,24,SGGSAC,History,3.296127658005388
Yes,31,SGGSAC,Sociology,3.80518872350998
Yes,NA,SGGSAC,Sociology,3.213971528469406
Yes,26,SGGSAC,Economics,3.6464893622881833
Yes,23,SGGSAC,Political Science,3.798964594545714
Yes,22,SGGSAC,Sociology,3.565489624209416
Yes,23,SGGSAC,Economics,3.1313903438429436
Yes,24,SGGSAC,Anthropology,4.05057539126528
Yes,23,SGGSAC,Economics,3.343649473312601
Yes,27,VANESSA,Sociology,3.12967240529727
Yes,24,SGGSAC,History,3.331543212193373
Yes,24,SGGSAC,History,3.3171890700565583
Yes,23,SGGSAC,Sociology,3.419041036798948
Yes,23,SGGSAC,Political Science,3.8257417928504434
Yes,23,SGGSAC,Economics,3.4637491840250614
Yes,24,SGGSAC,History,3.3939874736210984
Yes,23,SGGSAC,Sociology,3.1817730712421146
Yes,NA,SGGSAC,Sociology,3.6436879505550914
Yes,NA,SGGSAC,Sociology,3.9729356639502704
Yes,NA,SUCSAC,Psychology,4.202316472750798
Yes,24,SGGSAC,Anthropology,3.364677481615969
Yes,22,SGGSAC,Sociology,3.2709026086821944
Yes,NA,SUCSAC,Psychology,3.4612737162317364
Yes,23,SGGSAC,Economics,3.4741751531553806
Yes,NA,SUCSAC,Psychology,3.242725458379114
Yes,22,SGGSAC,Sociology,3.20507349392743
Yes,26,SGGSAC,Economics,3.439993249428725
Yes,24,SGGSAC,History,3.6076009316577227
Yes,23,SGGSAC,Political Science,3.8067796524849693
Yes,23,SGGSAC,Political Science,3.6361378724167346
Yes,22,SGGSAC,Sociology,3.1097664168023513
Yes,24,SGGSAC,Anthropology,3.2746138559162725
Yes,22,SGGSAC,Sociology,3.846957191297245
Yes,NA,SUCSAC,Psychology,3.5593951370915637
Yes,27,VANESSA,Sociology,3.9728782216879837
Maybe,33,SGGSAC,Psych/poli sci,3.829002109372945
Yes,31,SGGSAC,Sociology,2.7375110271433787
Yes,24,SGGSAC,History,3.9436239523004857
Yes,NA,SUCSAC,Psychology,3.302108721315735
Yes,26,SGGSAC,Economics,3.2147142564687394
Yes,23,SGGSAC,Sociology,3.7749070123899324
Yes,23,SGGSAC,Political Science,3.336771640242667
Yes,24,SGGSAC,Anthropology,3.43232252634408
Yes,NA,SGGSAC,Sociology,3.4200224342381
Yes,24,SGGSAC,Anthropology,3.3433547825138654
Yes,27,VANESSA,Sociology,3.4667057067564926
Yes,24,SGGSAC,Anthropology,3.9150873336817553
Yes,23,SGGSAC,Sociology,3.333193416395563
Yes,26,SGGSAC,Economics,3.0619539949830696
Yes,NA,SGGSAC,Sociology,3.5334605043403706
Yes,27,VANESSA,Sociology,3.270796519362065
Yes,23,SGGSAC,Political Science,4.048873672869257
Maybe,33,SGGSAC,Psych/poli sci,3.4125526543584783
Yes,24,SGGSAC,Anthropology,3.6113961661702203
Yes,22,SGGSAC,Sociology,3.1536448230073213
Yes,NA,SGGSAC,Sociology,3.100004137440528
Yes,26,SGGSAC,Economics,3.449351355653822
Yes,23,SGGSAC,Economics,3.557547514093612
Yes,24,SGGSAC,Anthropology,3.3591649595909074
Yes,26,SGGSAC,Economics,3.7819082324557276
Yes,26,SGGSAC,Economics,3.0887860497689084
Yes,24,SGGSAC,History,3.122425443235173
Yes,NA,SUCSAC,Psychology,3.798714945823593
Maybe,33,SGGSAC,Psych/poli sci,4.136328811087621
Yes,22,SGGSAC,Sociology,3.6278997491488787
Maybe,33,SGGSAC,Psych/poli sci,4.1868426550534315
Yes,24,SGGSAC,Anthropology,3.305990483686939
Yes,23,SGGSAC,Political Science,3.9110822260666933
Yes,24,SGGSAC,Anthropology,3.7677662429397243
Yes,24,SGGSAC,Anthropology,3.3019559911984833
Yes,23,SGGSAC,Sociology,3.8616998430938274
Yes,31,SGGSAC,Sociology,3.5959643910524686
Yes,24,SGGSAC,History,3.4555556533894998
Yes,31,SGGSAC,Sociology,4.133352948974769
Yes,22,SGGSAC,Sociology,3.3141651760190394
Yes,22,SGGSAC,Sociology,3.4618131103017302
Yes,24,SGGSAC,Anthropology,3.186272233616957
Yes,NA,SGGSAC,Sociology,3.505080212259463
Yes,26,SGGSAC,Economics,3.466375362222785
Yes,24,SGGSAC,Anthropology,3.1131782831146495
Yes,24,SGGSAC,History,3.7390888284974872
Yes,22,SGGSAC,Sociology,2.6396881995592034
Yes,26,SGGSAC,Economics,3.0120792845380264
Yes,31,SGGSAC,Sociology,3.924427507833548
Yes,26,SGGSAC,Economics,3.334479663519388
Yes,NA,SUCSAC,Psychology,3.238308741269333
Yes,NA,SUCSAC,Psychology,4.026847595299835
Yes,23,SGGSAC,Sociology,3.3390596602789384
Yes,26,SGGSAC,Economics,2.8385781989626997
Yes,23,SGGSAC,Economics,3.2471612864090336
Yes,24,SGGSAC,History,3.0626946778798554
Yes,22,SGGSAC,Sociology,3.317760168530596
Yes,23,SGGSAC,Sociology,3.3686058534249796
Yes,31,SGGSAC,Sociology,3.1468840858092992
Maybe,33,SGGSAC,Psych/poli sci,3.533165859145264
Yes,24,SGGSAC,Anthropology,2.758811841820708
Yes,23,SGGSAC,Economics,3.473316990269604
Yes,23,SGGSAC,Economics,3.6125167977023183
Yes,NA,SGGSAC,Sociology,3.1561713283832473
Yes,23,SGGSAC,Sociology,3.6872174152953434
Maybe,33,SGGSAC,Psych/poli sci,3.4538574895167122
Yes,24,SGGSAC,Anthropology,4.026644821608999
Yes,23,SGGSAC,Sociology,3.792851183305813
Yes,26,SGGSAC,Economics,3.668865264334042
Yes,23,SGGSAC,Sociology,3.1435521937812947
Yes,NA,SGGSAC,Sociology,3.89380069920916
Yes,26,SGGSAC,Economics,3.2910245647621736
Yes,NA,SUCSAC,Psychology,3.3085151184617287
Yes,NA,SGGSAC,Sociology,3.295044293629398
Maybe,33,SGGSAC,Psych/poli sci,3.857398018056852
Yes,23,SGGSAC,Political Science,3.67728756118872
Yes,24,SGGSAC,Anthropology,3.712866720594382
Maybe,33,SGGSAC,Psych/poli sci,3.5497123942392403
Yes,22,SGGSAC,Sociology,3.8563337863963425
Yes,NA,SUCSAC,Psychology,3.8445268832089114
Yes,NA,SGGSAC,Sociology,3.6669944153579426
Yes,22,SGGSAC,Sociology,3.53937466422857
Yes,NA,SUCSAC,Psychology,3.26184939535434
Yes,NA,SUCSAC,Psychology,3.5163160390803765
Maybe,33,SGGSAC,Psych/poli sci,3.763518268075048
Yes,22,SGGSAC,Sociology,3.422731941325973
Yes,NA,SUCSAC,Psychology,3.1901174862719626
Yes,24,SGGSAC,History,3.983565039474215
Yes,27,VANESSA,Sociology,3.4230364062455276
Yes,23,SGGSAC,Economics,3.346828356284062
Yes,23,SGGSAC,Sociology,3.7714638857126936
Yes,26,SGGSAC,Economics,2.9463541036370247
Yes,NA,SUCSAC,Psychology,4.3443839908422905
Yes,NA,SGGSAC,Sociology,3.711345999830857
Maybe,33,SGGSAC,Psych/poli sci,4.179525686484768
Yes,24,SGGSAC,Anthropology,3.498024802575316
Yes,23,SGGSAC,Political Science,3.8485575868802417
Yes,27,VANESSA,Sociology,3.974855734545522
Yes,23,SGGSAC,Sociology,3.6423091314310456
Yes,24,SGGSAC,Anthropology,3.9115972685473963
Yes,23,SGGSAC,Sociology,4.1294236127145245
Maybe,33,SGGSAC,Psych/poli sci,3.3907775699814553
Yes,24,SGGSAC,Anthropology,3.3122033257347345
Yes,31,SGGSAC,Sociology,3.5881201017921107
Yes,22,SGGSAC,Sociology,3.4523295259766336
Yes,24,SGGSAC,History,3.3315140003545554
Yes,NA,SGGSAC,Sociology,3.4046548388651274
Yes,27,VANESSA,Sociology,3.71319226252856
Yes,26,SGGSAC,Economics,3.591466563556363
Yes,23,SGGSAC,Political Science,3.4338880319423803
Yes,24,SGGSAC,History,3.974729018339832
Yes,23,SGGSAC,Economics,3.4896998311734992
Yes,23,SGGSAC,Political Science,3.7253197745885616
Yes,23,SGGSAC,Sociology,3.159820340370229
Yes,26,SGGSAC,Economics,3.912249087580843
Yes,22,SGGSAC,Sociology,3.6478358592771403
Yes,24,SGGSAC,Anthropology,3.6086270487841854
Yes,NA,SUCSAC,Psychology,2.9224277279095343
Yes,NA,SUCSAC,Psychology,3.487386660767697
Yes,24,SGGSAC,Anthropology,3.7327627162837858
Yes,NA,SUCSAC,Psychology,3.547175947326983
Yes,24,SGGSAC,Anthropology,3.6643901969925796
Yes,31,SGGSAC,Sociology,2.9092953287783483
Yes,27,VANESSA,Sociology,3.8474609235973154
Yes,NA,SUCSAC,Psychology,2.8910811923451027
Yes,24,SGGSAC,Anthropology,3.8257263969346558
Yes,NA,SUCSAC,Psychology,3.4796023154963867
Yes,24,SGGSAC,Anthropology,3.539915234542426
Yes,23,SGGSAC,Economics,3.636802299643638
Yes,27,VANESSA,Sociology,3.707612406989077
Yes,24,SGGSAC,Anthropology,3.445749868119124
Yes,24,SGGSAC,History,3.5145813681514735
Yes,31,SGGSAC,Sociology,3.555564647855774
Maybe,33,SGGSAC,Psych/poli sci,3.5053906103824204
Yes,NA,SGGSAC,Sociology,3.4063707310833635
Yes,23,SGGSAC,Economics,3.069619974328444
Yes,24,SGGSAC,Anthropology,3.324996049559884
Yes,NA,SUCSAC,Psychology,3.6160157489115274
Yes,27,VANESSA,Sociology,4.10151338967564
Yes,24,SGGSAC,History,3.7199358801333533
Yes,24,SGGSAC,Anthropology,3.592865160753574
Yes,24,SGGSAC,History,3.6844056792949216
Yes,24,SGGSAC,Anthropology,3.30782376386235
Yes,22,SGGSAC,Sociology,3.360077574223207
Yes,22,SGGSAC,Sociology,3.6011199448459426
Yes,22,SGGSAC,Sociology,3.6913577936158273
Yes,23,SGGSAC,Sociology,3.448099123048072
Maybe,33,SGGSAC,Psych/poli sci,3.994814683918859
Yes,NA,SUCSAC,Psychology,3.252432961672873
Yes,22,SGGSAC,Sociology,3.4600564797800333
Yes,NA,SGGSAC,Sociology,3.7999565847205883
Maybe,33,SGGSAC,Psych/poli sci,2.8825289061111508
Yes,24,SGGSAC,Anthropology,3.6780101198315647
Yes,31,SGGSAC,Sociology,3.9235931404123265
Yes,27,VANESSA,Sociology,3.963354849357883
Yes,24,SGGSAC,History,3.775321230654513
Yes,NA,SUCSAC,Psychology,3.5244322181567127
Yes,NA,SGGSAC,Sociology,3.4380370394470163
Yes,NA,SGGSAC,Sociology,3.2825251131620035
Yes,22,SGGSAC,Sociology,3.3139533239960093
Yes,24,SGGSAC,Anthropology,3.3955764599699396
Yes,22,SGGSAC,Sociology,3.8949857441063536
Yes,26,SGGSAC,Economics,3.496714198664511
Maybe,33,SGGSAC,Psych/poli sci,3.69447250260205
Yes,24,SGGSAC,Anthropology,3.4628574986211866
Yes,31,SGGSAC,Sociology,3.474443905248052
Yes,24,SGGSAC,History,3.1612058765129554
Yes,23,SGGSAC,Sociology,3.1753923712911414
Yes,24,SGGSAC,Anthropology,3.6146971121742713
Yes,24,SGGSAC,History,3.8131585224972526
Yes,24,SGGSAC,Anthropology,3.9168453686744225
Maybe,33,SGGSAC,Psych/poli sci,3.2758365804904814
Yes,24,SGGSAC,History,3.3465784381969166
Maybe,33,SGGSAC,Psych/poli sci,3.652372543632301
Yes,26,SGGSAC,Economics,2.9952951946088335
Yes,22,SGGSAC,Sociology,3.620136859066832
Yes,24,SGGSAC,Anthropology,3.382929251474118
Yes,24,SGGSAC,Anthropology,3.5879703645370906
Yes,31,SGGSAC,Sociology,3.7418954917594673
Yes,24,SGGSAC,History,3.269548361146191
Yes,NA,SUCSAC,Psychology,3.382836955088344
Yes,24,SGGSAC,Anthropology,3.282636573319074
Yes,24,SGGSAC,Anthropology,3.2978054895984954
Yes,24,SGGSAC,Anthropology,3.171593053499357
Yes,NA,SGGSAC,Sociology,3.582669592677718
Yes,22,SGGSAC,Sociology,3.692122249692193
Yes,31,SGGSAC,Sociology,3.4163255998789643
Yes,24,SGGSAC,History,3.5103328580569433
Yes,24,SGGSAC,Anthropology,2.9614167190526404
Yes,NA,SGGSAC,Sociology,3.3895359857024405
Yes,22,SGGSAC,Sociology,3.8203192421190733
Yes,31,SGGSAC,Sociology,3.6314451686036886
Yes,24,SGGSAC,History,3.486362786958895
Yes,NA,SUCSAC,Psychology,3.090965833627595
Yes,NA,SGGSAC,Sociology,2.981670882592679
Yes,NA,SUCSAC,Psychology,3.5874209015355873
Yes,22,SGGSAC,Sociology,3.503896802865249
Yes,26,SGGSAC,Economics,3.2558093693391577
Yes,24,SGGSAC,Anthropology,4.024599208261236
Yes,NA,SUCSAC,Psychology,3.510280001673889
Yes,22,SGGSAC,Sociology,3.659133377120253
Yes,22,SGGSAC,Sociology,3.280832856716599
Yes,23,SGGSAC,Sociology,3.739164473282505
Yes,24,SGGSAC,Anthropology,3.4175134861737018
Yes,22,SGGSAC,Sociology,3.2256835141412847
Yes,26,SGGSAC,Economics,3.1091278042259605
Yes,27,VANESSA,Sociology,3.389445936319834
Yes,NA,SGGSAC,Sociology,3.1170687663924403
Yes,23,SGGSAC,Political Science,3.3994756163205877
Yes,23,SGGSAC,Political Science,3.5363911089941302
Yes,NA,SGGSAC,Sociology,3.522410075292068
Yes,27,VANESSA,Sociology,2.791839899508204
Yes,24,SGGSAC,Anthropology,3.4602007629979896
Yes,24,SGGSAC,History,4.020768247083193
Yes,24,SGGSAC,Anthropology,3.3312158466644797
Yes,27,VANESSA,Sociology,3.826998457718202
Yes,23,SGGSAC,Political Science,3.342917527608754
Maybe,33,SGGSAC,Psych/poli sci,3.8740292154101734
Yes,27,VANESSA,Sociology,3.6615500028772026
Yes,24,SGGSAC,Anthropology,3.4121596938553886
Yes,NA,SUCSAC,Psychology,3.8903410637172167
Yes,27,VANESSA,Sociology,3.895144460222214
Yes,NA,SGGSAC,Sociology,3.9846721792243573
Yes,31,SGGSAC,Sociology,3.695247448049922
Yes,31,SGGSAC,Sociology,3.4590972390858226
Yes,NA,SGGSAC,Sociology,3.5198160520557846
Maybe,33,SGGSAC,Psych/poli sci,3.6283971087010167
Yes,22,SGGSAC,Sociology,3.166939955665265
Yes,NA,SGGSAC,Sociology,3.7200746484301663
Yes,23,SGGSAC,Sociology,3.842842487663533
Yes,24,SGGSAC,Anthropology,3.535959181875599
Yes,23,SGGSAC,Sociology,3.1775833934049187
Yes,23,SGGSAC,Sociology,3.4200590471961654
Yes,27,VANESSA,Sociology,3.5142972177756713
Yes,24,SGGSAC,Anthropology,3.700633176658812
Yes,27,VANESSA,Sociology,4.011875942291464
Yes,NA,SUCSAC,Psychology,3.221651494794073
Yes,NA,SGGSAC,Sociology,3.7607622091932065
Yes,NA,SGGSAC,Sociology,3.7889448431009907
Yes,24,SGGSAC,Anthropology,3.7011010254313454
Yes,27,VANESSA,Sociology,3.753012762700827
Yes,24,SGGSAC,Anthropology,3.109533968218072
Yes,24,SGGSAC,Anthropology,4.026047417892255
Yes,NA,SUCSAC,Psychology,2.90497586206968
Yes,23,SGGSAC,Political Science,3.0444648214408288
Yes,NA,SUCSAC,Psychology,3.187576223147507
Yes,31,SGGSAC,Sociology,3.4924572149763953
Yes,24,SGGSAC,Anthropology,3.3894429437917717
Yes,31,SGGSAC,Sociology,3.7482917128661564
Yes,NA,SGGSAC,Sociology,3.403477020339105
Yes,NA,SUCSAC,Psychology,3.6534363005827077
Yes,23,SGGSAC,Economics,3.495123544368638
Yes,31,SGGSAC,Sociology,3.3614363482300664
Yes,27,VANESSA,Sociology,3.7911268710415227
Yes,23,SGGSAC,Political Science,3.226482943113637
Yes,24,SGGSAC,Anthropology,3.439911558951966
Yes,27,VANESSA,Sociology,3.8665126744033818
Yes,24,SGGSAC,Anthropology,3.9454012315832854
Yes,23,SGGSAC,Political Science,3.3108410769098633
Yes,23,SGGSAC,Economics,3.606269134592824
Maybe,33,SGGSAC,Psych/poli sci,3.0202655701524517
Yes,22,SGGSAC,Sociology,3.3381277536954372
Maybe,33,SGGSAC,Psych/poli sci,3.4570696704880177
Yes,NA,SUCSAC,Psychology,3.259489660704942
Yes,23,SGGSAC,Economics,3.6260214372772275
Yes,23,SGGSAC,Political Science,3.3884696592388286
Yes,23,SGGSAC,Economics,3.406502035236136
Yes,NA,SGGSAC,Sociology,3.270055433420736
Yes,22,SGGSAC,Sociology,3.074435869258505
Yes,26,SGGSAC,Economics,3.5194240571570305
Yes,23,SGGSAC,Sociology,3.492528811268159
Maybe,33,SGGSAC,Psych/poli sci,3.4109592720396957
Yes,23,SGGSAC,Economics,3.5465492615580847
Yes,26,SGGSAC,Economics,3.117094876558063
Yes,26,SGGSAC,Economics,3.3940656491632244
Maybe,33,SGGSAC,Psych/poli sci,3.3866762132629264
Yes,23,SGGSAC,Political Science,3.6802094808368064
Yes,NA,SUCSAC,Psychology,3.472690948008221
Yes,26,SGGSAC,Economics,3.6888176067318206
Yes,23,SGGSAC,Economics,3.419882850619705
Maybe,33,SGGSAC,Psych/poli sci,3.201881902358032
Yes,24,SGGSAC,Anthropology,3.6750508642767854
Yes,24,SGGSAC,Anthropology,3.221290620516161
Yes,24,SGGSAC,Anthropology,3.6252295299129065
Yes,23,SGGSAC,Economics,3.63406756383997
Yes,23,SGGSAC,Economics,3.2976955382802164
Yes,31,SGGSAC,Sociology,3.7934969234066678
Yes,24,SGGSAC,Anthropology,3.084453050599624
Yes,NA,SUCSAC,Psychology,3.419393718299787
Yes,22,SGGSAC,Sociology,3.0998583851567516
Yes,22,SGGSAC,Sociology,3.673813744171344
Maybe,33,SGGSAC,Psych/poli sci,4.177097047996636
Yes,22,SGGSAC,Sociology,3.258854075745449
Yes,23,SGGSAC,Economics,3.322628633801036
Yes,NA,SUCSAC,Psychology,3.0173928239466
Maybe,33,SGGSAC,Psych/poli sci,3.39395764242072
Yes,NA,SUCSAC,Psychology,3.824626269923084
Yes,26,SGGSAC,Economics,3.5417325530707373
Yes,22,SGGSAC,Sociology,3.576377036601192
Yes,26,SGGSAC,Economics,3.6172305042739326
Yes,31,SGGSAC,Sociology,3.3579049251971416
Yes,24,SGGSAC,Anthropology,4.262131625096178
Yes,NA,SUCSAC,Psychology,3.5253241768946206
Yes,24,SGGSAC,Anthropology,3.258304353737328
Yes,31,SGGSAC,Sociology,3.261441669548528
Yes,26,SGGSAC,Economics,3.5494477087366842
Yes,24,SGGSAC,Anthropology,3.6520725276057227
Yes,NA,SUCSAC,Psychology,3.1501594404205675
Yes,24,SGGSAC,Anthropology,3.856181925291176
Yes,NA,SUCSAC,Psychology,2.658718657547957
Yes,22,SGGSAC,Sociology,3.598691676298229
Maybe,33,SGGSAC,Psych/poli sci,3.463023149351228
Yes,26,SGGSAC,Economics,3.3235350008020492
Yes,26,SGGSAC,Economics,4.104877451516355
Yes,NA,SGGSAC,Sociology,3.10563455497327
Maybe,33,SGGSAC,Psych/poli sci,3.865912232147468
Maybe,33,SGGSAC,Psych/poli sci,3.519315712708674
Yes,NA,SGGSAC,Sociology,3.465480964018937
Maybe,33,SGGSAC,Psych/poli sci,3.551542081670747
Yes,NA,SGGSAC,Sociology,3.3274416910621487
Yes,NA,SGGSAC,Sociology,3.5256553564737607
Yes,NA,SGGSAC,Sociology,3.507935518685913
Yes,NA,SGGSAC,Sociology,3.3076627134688934
Yes,22,SGGSAC,Sociology,3.432425799296959
Yes,NA,SGGSAC,Sociology,3.4448806548108504
Yes,24,SGGSAC,Anthropology,2.9525265201693074
Yes,31,SGGSAC,Sociology,2.948677484527126
Yes,24,SGGSAC,Anthropology,3.2917193531005817
Yes,23,SGGSAC,Economics,3.050898935968708
Yes,31,SGGSAC,Sociology,3.5128223590452086
Yes,24,SGGSAC,Anthropology,3.8377986994546225
Yes,23,SGGSAC,Economics,3.2985401549033178
Yes,22,SGGSAC,Sociology,3.4645490695882084
Maybe,33,SGGSAC,Psych/poli sci,3.721545033501676
Yes,22,SGGSAC,Sociology,3.6469569720841104
Yes,26,SGGSAC,Economics,3.441898239780724
Yes,31,SGGSAC,Sociology,2.863628846967221
Yes,24,SGGSAC,Anthropology,3.482056892314981
Yes,NA,SUCSAC,Psychology,3.252661104714492
Yes,23,SGGSAC,Economics,3.108179229670264
Yes,NA,SGGSAC,Sociology,3.5412316679282623
Yes,24,SGGSAC,Anthropology,3.253475944295369
Yes,24,SGGSAC,Anthropology,3.8698956351268663
Yes,24,SGGSAC,Anthropology,3.7925776589719096
Yes,31,SGGSAC,Sociology,3.3013408621790874
Yes,22,SGGSAC,Sociology,3.2176570838722127
Yes,31,SGGSAC,Sociology,3.12956124133971
Maybe,33,SGGSAC,Psych/poli sci,3.743560456844674
Yes,31,SGGSAC,Sociology,3.7922793904001852
Yes,24,SGGSAC,Anthropology,3.6794744861327473
Yes,23,SGGSAC,Economics,2.986655383945994
Yes,31,SGGSAC,Sociology,3.158656570012759
Yes,23,SGGSAC,Economics,3.60324963974755
Yes,31,SGGSAC,Sociology,3.6429491363670907
Yes,23,SGGSAC,Economics,3.2818341764811234
Yes,NA,SUCSAC,Psychology,4.396357137286138
Yes,24,SGGSAC,Anthropology,3.2672350596057633
Maybe,33,SGGSAC,Psych/poli sci,4.1961924516272955
Maybe,33,SGGSAC,Psych/poli sci,3.665840956306838
Yes,26,SGGSAC,Economics,3.3645193303796535
Yes,24,SGGSAC,Anthropology,3.484776902173377
Maybe,33,SGGSAC,Psych/poli sci,3.789830534674198
Yes,22,SGGSAC,Sociology,3.6450951380897987
Yes,NA,SUCSAC,Psychology,4.144829024023522
Yes,23,SGGSAC,Economics,3.457307681769699
Yes,31,SGGSAC,Sociology,3.4794077483499968
Yes,24,SGGSAC,Anthropology,3.329530085003219
Yes,31,SGGSAC,Sociology,3.7976160700741435
Yes,NA,SUCSAC,Psychology,3.6407950123906536
Yes,22,SGGSAC,Sociology,3.64355697599937
Yes,NA,SGGSAC,Sociology,3.2461873880765775
Yes,31,SGGSAC,Sociology,3.1643623387790556
Maybe,33,SGGSAC,Psych/poli sci,3.166971583123437
Yes,24,SGGSAC,Anthropology,3.3233155159040644
Yes,24,SGGSAC,Anthropology,3.813657070702717
Yes,22,SGGSAC,Sociology,3.56569652780676
Yes,NA,SGGSAC,Sociology,3.2873773315897754
Yes,26,SGGSAC,Economics,3.525496916670402
Yes,23,SGGSAC,Economics,3.497757368353224
Yes,26,SGGSAC,Economics,3.4325286276156333
Yes,23,SGGSAC,Economics,3.10563588132136
Yes,24,SGGSAC,Anthropology,3.347332962914017
Yes,23,SGGSAC,Economics,3.357474496084521
Yes,24,SGGSAC,Anthropology,3.5280191346199974
Yes,24,SGGSAC,Anthropology,3.1153630781442
Yes,23,SGGSAC,Economics,3.348506333670847
Yes,23,SGGSAC,Economics,3.4407250799888347
Yes,31,SGGSAC,Sociology,3.544738698111011
Yes,22,SGGSAC,Sociology,3.4443772403717063
Yes,24,SGGSAC,Anthropology,3.4605064157229783
Yes,NA,SGGSAC,Sociology,3.3529635324096447
Yes,NA,SUCSAC,Psychology,3.599149518092968
Maybe,33,SGGSAC,Psych/poli sci,3.7433906629498477
Yes,23,SGGSAC,Economics,4.010566031185945
Yes,NA,SUCSAC,Psychology,3.6709262171832258
Yes,24,SGGSAC,Anthropology,4.329675790716001
Yes,26,SGGSAC,Economics,3.5586537982147552
Yes,26,SGGSAC,Economics,3.689867774487317
Yes,31,SGGSAC,Sociology,3.5534697309455185
Yes,23,SGGSAC,Economics,3.6006603481657082
Yes,24,SGGSAC,Anthropology,3.3446950398792215
Yes,24,SGGSAC,Anthropology,3.692556171281666
Yes,NA,SGGSAC,Sociology,3.042972180557152
Yes,31,SGGSAC,Sociology,3.113060722708874
Yes,NA,SUCSAC,Psychology,3.1349730173080346
Maybe,33,SGGSAC,Psych/poli sci,2.9760298875032944
Yes,NA,SUCSAC,Psychology,3.310618607430498
Yes,22,SGGSAC,Sociology,3.4113119161721195
Yes,24,SGGSAC,Anthropology,3.0918193947368917
Yes,23,SGGSAC,Economics,2.835875118463032
Yes,24,SGGSAC,Anthropology,3.424646227728892
Yes,23,SGGSAC,Economics,3.7872859095523674
Yes,24,SGGSAC,Anthropology,3.5439133695187235
Yes,22,SGGSAC,Sociology,3.287893072365674
Yes,31,SGGSAC,Sociology,3.5404842507302896
Yes,NA,SGGSAC,Sociology,3.572622399434014
Yes,26,SGGSAC,Economics,3.3508692554120723
Yes,22,SGGSAC,Sociology,3.1121493333766233
Yes,23,SGGSAC,Economics,3.323403377490729
Yes,24,SGGSAC,Anthropology,3.4583500092341817
Yes,23,SGGSAC,Economics,3.2027245862861715
Yes,23,SGGSAC,Economics,3.6105852214568013
Yes,NA,SGGSAC,Sociology,3.3817664402998453
Yes,NA,SGGSAC,Sociology,3.2173926697327007
Yes,NA,SUCSAC,Psychology,3.817469841770599
Yes,24,SGGSAC,Anthropology,3.8633796454100953
Yes,22,SGGSAC,Sociology,3.213162985854881
Yes,NA,SUCSAC,Psychology,3.549024784535201
Yes,23,SGGSAC,Economics,3.2166512055130956
Yes,NA,SUCSAC,Psychology,3.5892322404620045
Yes,22,SGGSAC,Sociology,3.924991618681163
Yes,26,SGGSAC,Economics,3.2680890250740604
Yes,22,SGGSAC,Sociology,3.31435935470768
Yes,24,SGGSAC,Anthropology,3.0953033810417816
Yes,22,SGGSAC,Sociology,3.8595985788824074
Yes,NA,SUCSAC,Psychology,3.593021543823087
Maybe,33,SGGSAC,Psych/poli sci,3.3677175336378213
Yes,31,SGGSAC,Sociology,3.7991607145534134
Yes,NA,SUCSAC,Psychology,3.1815721887689223
Yes,26,SGGSAC,Economics,3.591758799279957
Yes,24,SGGSAC,Anthropology,3.165273372689945
Yes,NA,SGGSAC,Sociology,3.2600414641707616
Yes,24,SGGSAC,Anthropology,3.6725560852982606
Yes,24,SGGSAC,Anthropology,3.835030027521163
Yes,26,SGGSAC,Economics,4.069534924012436
Yes,NA,SGGSAC,Sociology,3.1130763006244324
Maybe,33,SGGSAC,Psych/poli sci,3.124600229475545
Yes,24,SGGSAC,Anthropology,3.1398311922125126
Yes,22,SGGSAC,Sociology,3.735153239859943
Yes,NA,SGGSAC,Sociology,3.719119275016381
Yes,26,SGGSAC,Economics,3.4369267669187433
Yes,23,SGGSAC,Economics,3.619959893043603
Yes,24,SGGSAC,Anthropology,3.8999906019262562
Yes,26,SGGSAC,Economics,3.6189169090349202
Yes,26,SGGSAC,Economics,3.4311604015815833
Yes,NA,SUCSAC,Psychology,3.479773111949292
Maybe,33,SGGSAC,Psych/poli sci,3.823542169543036
Yes,22,SGGSAC,Sociology,4.057538088121545
Maybe,33,SGGSAC,Psych/poli sci,3.2791593235034235
Yes,24,SGGSAC,Anthropology,3.549308555895235
Yes,24,SGGSAC,Anthropology,3.4162665182370646
Yes,24,SGGSAC,Anthropology,3.7600851968027547
Yes,31,SGGSAC,Sociology,3.5202222239468455
Yes,31,SGGSAC,Sociology,3.308770212064257
Yes,22,SGGSAC,Sociology,3.1554135190922223
Yes,22,SGGSAC,Sociology,2.8231686367367077
Yes,24,SGGSAC,Anthropology,3.285028591391581
Yes,NA,SGGSAC,Sociology,3.4653581346628832
Yes,26,SGGSAC,Economics,3.055188849941772
Yes,24,SGGSAC,Anthropology,2.9957826623143373
Yes,22,SGGSAC,Sociology,3.5593872866850416
Yes,26,SGGSAC,Economics,3.7104760807012105
Yes,31,SGGSAC,Sociology,3.3786247775797706
Yes,26,SGGSAC,Economics,3.557102811338057
Yes,NA,SUCSAC,Psychology,3.6946083803930234
Yes,NA,SUCSAC,Psychology,3.218106978936795
Yes,26,SGGSAC,Economics,4.077760965319751
Yes,23,SGGSAC,Economics,3.514457331163926
Yes,22,SGGSAC,Sociology,3.0602538904952286
Yes,31,SGGSAC,Sociology,3.6517290831983966
Maybe,33,SGGSAC,Psych/poli sci,3.740867503648719
Yes,24,SGGSAC,Anthropology,3.4514748128710497
Yes,23,SGGSAC,Economics,3.9142339245687827
Yes,23,SGGSAC,Economics,3.6150348667623735
Yes,NA,SGGSAC,Sociology,3.122533807464781
Maybe,33,SGGSAC,Psych/poli sci,3.552112786271449
Yes,24,SGGSAC,Anthropology,3.7636960874097336
Yes,26,SGGSAC,Economics,3.9902366244309055
Yes,NA,SGGSAC,Sociology,3.6855228049517024
Yes,26,SGGSAC,Economics,3.499846063056273
Yes,NA,SUCSAC,Psychology,4.032086925686902
Yes,NA,SGGSAC,Sociology,3.671831651086389
Maybe,33,SGGSAC,Psych/poli sci,3.440158293333354
Yes,24,SGGSAC,Anthropology,3.4638295377671997
Maybe,33,SGGSAC,Psych/poli sci,3.6837103831391356
Yes,22,SGGSAC,Sociology,3.6065012006204302
Yes,NA,SUCSAC,Psychology,3.081833923347812
Yes,NA,SGGSAC,Sociology,3.892368027123897
Yes,22,SGGSAC,Sociology,3.4537541822104614
Yes,NA,SUCSAC,Psychology,3.674599557391521
Yes,NA,SUCSAC,Psychology,3.117866748921217
Maybe,33,SGGSAC,Psych/poli sci,3.883240681313121
Yes,22,SGGSAC,Sociology,3.0406396280577144
Yes,NA,SUCSAC,Psychology,3.3837850248982884
Yes,23,SGGSAC,Economics,3.5211852468303464
Yes,26,SGGSAC,Economics,3.7073876194504702
Yes,NA,SUCSAC,Psychology,3.4652660638195427
Yes,NA,SGGSAC,Sociology,3.100808665759476
Maybe,33,SGGSAC,Psych/poli sci,3.679891144624708
Yes,24,SGGSAC,Anthropology,3.331598798687248
Yes,24,SGGSAC,Anthropology,3.640972009647295
Maybe,33,SGGSAC,Psych/poli sci,3.3553109003911517
Yes,24,SGGSAC,Anthropology,3.1147650765902424
Yes,31,SGGSAC,Sociology,3.456370995350464
Yes,22,SGGSAC,Sociology,3.3821238671274205
Yes,NA,SGGSAC,Sociology,3.700978481053631
Yes,26,SGGSAC,Economics,3.7488485152421727
Yes,23,SGGSAC,Economics,3.832989207459169
Yes,26,SGGSAC,Economics,3.4722754312691353
Yes,22,SGGSAC,Sociology,3.7693298559067694
Yes,24,SGGSAC,Anthropology,3.730662223404495
Yes,NA,SUCSAC,Psychology,3.574886066887294
Yes,NA,SUCSAC,Psychology,3.460603897772664
Yes,24,SGGSAC,Anthropology,3.5461039316944727
Yes,NA,SUCSAC,Psychology,3.9435815255554543
Yes,24,SGGSAC,Anthropology,3.134010410532279
Yes,31,SGGSAC,Sociology,3.386388524972555
Yes,NA,SUCSAC,Psychology,3.5957976836770555
Yes,24,SGGSAC,Anthropology,3.221607963637598
Yes,NA,SUCSAC,Psychology,3.423071846536026
Yes,24,SGGSAC,Anthropology,2.942914110675862
Yes,23,SGGSAC,Economics,3.8881814947931486
Yes,24,SGGSAC,Anthropology,3.4089167531042097
Yes,31,SGGSAC,Sociology,3.4443139350111296
Maybe,33,SGGSAC,Psych/poli sci,3.1803190486274895
Yes,NA,SGGSAC,Sociology,3.2435876934305683
Yes,23,SGGSAC,Economics,3.71408397164421
Yes,24,SGGSAC,Anthropology,3.440764848685383
Yes,NA,SUCSAC,Psychology,2.878625109064312
Yes,24,SGGSAC,Anthropology,3.6303701555451258
Yes,24,SGGSAC,Anthropology,3.5346201224494065
Yes,22,SGGSAC,Sociology,3.356840164963797
Yes,22,SGGSAC,Sociology,3.34274459561272
Yes,22,SGGSAC,Sociology,3.5646122259975628
Maybe,33,SGGSAC,Psych/poli sci,3.231241877615256
Yes,NA,SUCSAC,Psychology,3.27698348508554
Yes,22,SGGSAC,Sociology,2.8927048912234445
Yes,NA,SGGSAC,Sociology,3.600359812409335
Maybe,33,SGGSAC,Psych/poli sci,3.7088736714954464
Yes,24,SGGSAC,Anthropology,3.176888246069673
Yes,31,SGGSAC,Sociology,3.950045998938381
Yes,NA,SUCSAC,Psychology,3.5675039415947167
Yes,NA,SGGSAC,Sociology,3.4858598878419262
Yes,NA,SGGSAC,Sociology,3.1945780550272134
Yes,22,SGGSAC,Sociology,3.1905394722397538
Yes,24,SGGSAC,Anthropology,4.113227169440088
Yes,22,SGGSAC,Sociology,3.3195772675135657
Yes,26,SGGSAC,Economics,3.355292014542607
Maybe,33,SGGSAC,Psych/poli sci,3.3551773449271503
Yes,24,SGGSAC,Anthropology,3.2796738692269263
Yes,31,SGGSAC,Sociology,3.735978418030003
Yes,24,SGGSAC,Anthropology,3.755282525255482
Yes,24,SGGSAC,Anthropology,2.9768694846846007
Maybe,33,SGGSAC,Psych/poli sci,3.5579549884802657
Maybe,33,SGGSAC,Psych/poli sci,3.4430479924610427
Yes,26,SGGSAC,Economics,3.1058799449793693
Yes,22,SGGSAC,Sociology,3.470220614628127
Yes,24,SGGSAC,Anthropology,3.4703468872313947
Yes,24,SGGSAC,Anthropology,3.3349952426259617
Yes,31,SGGSAC,Sociology,3.7321421452986776
Yes,NA,SUCSAC,Psychology,3.9352686715607645
Yes,24,SGGSAC,Anthropology,3.723946036968776
Yes,24,SGGSAC,Anthropology,3.4588537909693273
Yes,24,SGGSAC,Anthropology,3.601684492346107
Yes,NA,SGGSAC,Sociology,3.755802752327008
Yes,22,SGGSAC,Sociology,3.633046490439688
Yes,31,SGGSAC,Sociology,3.583638255563491
Yes,24,SGGSAC,Anthropology,3.4637176254043966
Yes,NA,SGGSAC,Sociology,3.296862667778382
Yes,22,SGGSAC,Sociology,3.8637845742306554
Yes,31,SGGSAC,Sociology,3.300123808110106
Yes,NA,SUCSAC,Psychology,4.038078283360466
Yes,NA,SGGSAC,Sociology,3.1553334475523616
Yes,NA,SUCSAC,Psychology,4.055693840640699
Yes,22,SGGSAC,Sociology,3.646528495795543
Yes,26,SGGSAC,Economics,3.6366540622920955
Yes,24,SGGSAC,Anthropology,3.660367682800498
Yes,NA,SUCSAC,Psychology,3.384783438725462
Yes,22,SGGSAC,Sociology,3.2242390597397534
Yes,22,SGGSAC,Sociology,3.710693082784573
Yes,24,SGGSAC,Anthropology,3.3947684078881553
Yes,22,SGGSAC,Sociology,3.1726071436794765
Yes,26,SGGSAC,Economics,3.54832077627533
Yes,NA,SGGSAC,Sociology,3.218731244930126
Yes,NA,SGGSAC,Sociology,3.4621366652968284
Yes,24,SGGSAC,Anthropology,3.6405247283484155
Yes,24,SGGSAC,Anthropology,3.6589279265205787
Maybe,33,SGGSAC,Psych/poli sci,3.940569616823754
Yes,24,SGGSAC,Anthropology,3.2572879419750507
Yes,NA,SUCSAC,Psychology,3.1481820597790193
Yes,NA,SGGSAC,Sociology,3.5503602641051333
Yes,31,SGGSAC,Sociology,3.221261650987957
Yes,31,SGGSAC,Sociology,3.7038224910863784
Yes,NA,SGGSAC,Sociology,3.3722336767963297
Maybe,33,SGGSAC,Psych/poli sci,3.422569337580777
Yes,22,SGGSAC,Sociology,3.244385497142138
Yes,NA,SGGSAC,Sociology,3.592520189195167
Yes,24,SGGSAC,Anthropology,3.1261467954734408
Yes,24,SGGSAC,Anthropology,3.3983013300543727
Yes,NA,SUCSAC,Psychology,3.902402965254596
Yes,NA,SGGSAC,Sociology,3.3254411969136255
Yes,NA,SGGSAC,Sociology,3.2818259366480262
Yes,24,SGGSAC,Anthropology,3.7267207809188716
Yes,24,SGGSAC,Anthropology,3.0441923408953455
Yes,24,SGGSAC,Anthropology,3.3181038414325346
Yes,NA,SUCSAC,Psychology,3.9330333554419803
Yes,NA,SUCSAC,Psychology,3.5406495790001307
Yes,31,SGGSAC,Sociology,2.8074140504637963
Yes,24,SGGSAC,Anthropology,3.684529110591559
Yes,31,SGGSAC,Sociology,3.428992340565279
Yes,NA,SGGSAC,Sociology,3.75654690921277
Yes,NA,SUCSAC,Psychology,3.3043393377827686
Yes,23,SGGSAC,Economics,3.6744077699643105
Yes,31,SGGSAC,Sociology,3.8281625920112132
Yes,24,SGGSAC,Anthropology,3.6615003080042046
Yes,24,SGGSAC,Anthropology,3.350278131724867
Yes,23,SGGSAC,Economics,3.5798635052247096
Maybe,33,SGGSAC,Psych/poli sci,3.2767173129603986
Yes,22,SGGSAC,Sociology,2.988868123582317
Maybe,33,SGGSAC,Psych/poli sci,3.5358629352807642
Yes,NA,SUCSAC,Psychology,3.5527259285753447
Yes,23,SGGSAC,Economics,3.3645451144687297
Yes,23,SGGSAC,Economics,3.5532574118941995
Yes,NA,SGGSAC,Sociology,3.786567610431422
Yes,22,SGGSAC,Sociology,3.284896251392598
Yes,26,SGGSAC,Economics,3.094502453190324
Maybe,33,SGGSAC,Psych/poli sci,3.845978945069024
Yes,23,SGGSAC,Economics,3.2328697400266884
Yes,26,SGGSAC,Economics,3.0595756641140306
Yes,26,SGGSAC,Economics,4.090945966140768
Maybe,33,SGGSAC,Psych/poli sci,4.030391266410463
Yes,NA,SUCSAC,Psychology,3.345464635211828
Yes,26,SGGSAC,Economics,3.6415610344895306
Yes,23,SGGSAC,Economics,3.2053616743189304
Maybe,33,SGGSAC,Psych/poli sci,3.4514642361064487
Yes,24,SGGSAC,Anthropology,2.6350424784935282
Yes,24,SGGSAC,Anthropology,4.122489188945015
Yes,24,SGGSAC,Anthropology,3.427907425671736
Yes,31,SGGSAC,Sociology,3.6245201380290233
Yes,24,SGGSAC,Anthropology,3.5676081115129206
Yes,NA,SUCSAC,Psychology,3.1569477595458975
Yes,NA,SUCSAC,Psychology,4.082425010898601
Yes,NA,SUCSAC,Psychology,3.319718306568816
Yes,31,SGGSAC,Sociology,3.4592958970193224
Yes,NA,SUCSAC,Psychology,3.5597920888178987
Yes,31,SGGSAC,Sociology,3.761229370895453
Yes,24,SGGSAC,Anthropology,3.9758695984037242
Yes,NA,SUCSAC,Psychology,3.2146246157168923
Yes,24,SGGSAC,Anthropology,3.710314008380159
Yes,NA,SUCSAC,Psychology,3.3726511577792246
Yes,31,SGGSAC,Sociology,3.7642461996253167
Yes,31,SGGSAC,Sociology,3.8871734405069143
Yes,24,SGGSAC,Anthropology,3.314789538830531
Yes,31,SGGSAC,Sociology,3.9345823928475507
Yes,NA,SUCSAC,Psychology,3.2929860458834956
Yes,24,SGGSAC,Anthropology,3.633436156979591
Yes,24,SGGSAC,Anthropology,3.9162300440727305
Yes,24,SGGSAC,Anthropology,3.7741435032150616
Yes,31,SGGSAC,Sociology,3.4127571525452436
Yes,31,SGGSAC,Sociology,3.3041012370735543
Yes,31,SGGSAC,Sociology,3.339958564013316
Yes,31,SGGSAC,Sociology,3.687528400349508
Yes,31,SGGSAC,Sociology,3.5596383530983315
Yes,NA,SUCSAC,Psychology,3.7415483610671605
Yes,24,SGGSAC,Anthropology,3.35125641515384
Yes,NA,SUCSAC,Psychology,3.5458498703037957
Yes,31,SGGSAC,Sociology,4.050105351132179
Yes,31,SGGSAC,Sociology,3.0633584680930843
Yes,NA,SUCSAC,Psychology,3.337831739433829
Yes,31,SGGSAC,Sociology,3.5677472513373782
Yes,31,SGGSAC,Sociology,3.6417280990883016
Yes,24,SGGSAC,Anthropology,4.059434461509074
Yes,NA,SUCSAC,Psychology,3.685456260564117
Yes,NA,SUCSAC,Psychology,3.186885570119734
Yes,31,SGGSAC,Sociology,3.806095013576755
Yes,31,SGGSAC,Sociology,3.550001365364982
Yes,NA,SUCSAC,Psychology,3.577544392332996
Yes,NA,SUCSAC,Psychology,3.189618601472855
Yes,24,SGGSAC,Anthropology,3.718288313978564
Yes,24,SGGSAC,Anthropology,3.5486532949216247
Yes,31,SGGSAC,Sociology,3.958495965016126
Yes,24,SGGSAC,Anthropology,3.267531753912416
Yes,NA,SUCSAC,Psychology,3.1542192916414136
Yes,24,SGGSAC,Anthropology,3.539240776392254
Yes,NA,SUCSAC,Psychology,3.2275765687082982
Yes,NA,SUCSAC,Psychology,3.611716506197945
Yes,24,SGGSAC,Anthropology,3.4900407677315535
Yes,NA,SUCSAC,Psychology,3.7271899915962363
Yes,31,SGGSAC,Sociology,3.359880895148785
Yes,NA,SUCSAC,Psychology,3.106021360639933
Yes,24,SGGSAC,Anthropology,3.3129291909209084
Yes,NA,SUCSAC,Psychology,3.525998767385802
Yes,24,SGGSAC,Anthropology,3.4852749963790726
Yes,31,SGGSAC,Sociology,3.264529674295908
Yes,31,SGGSAC,Sociology,4.007835463824914
Yes,31,SGGSAC,Sociology,2.6867789885677253
Yes,NA,SUCSAC,Psychology,3.5812535986033476
Yes,NA,SUCSAC,Psychology,2.9019936237460966
Yes,31,SGGSAC,Sociology,3.8358618134787323
Yes,24,SGGSAC,Anthropology,3.2799885831294286
Yes,24,SGGSAC,Anthropology,3.547221493188956
Yes,NA,SUCSAC,Psychology,3.225965431717229
Yes,NA,SUCSAC,Psychology,3.2607400451489945
Yes,NA,SUCSAC,Psychology,3.2021310605646747
Yes,NA,SUCSAC,Psychology,3.119002544796184
Yes,NA,SUCSAC,Psychology,3.9978693319069927
Yes,NA,SUCSAC,Psychology,3.1634613411585386
Yes,24,SGGSAC,Anthropology,3.2875288635563784
Yes,24,SGGSAC,Anthropology,3.171491410544358
Yes,31,SGGSAC,Sociology,3.400045040265346
Yes,NA,SUCSAC,Psychology,3.5232902139233513
Yes,NA,SUCSAC,Psychology,3.2799340360308937
Yes,24,SGGSAC,Anthropology,2.600999997950683
Yes,NA,SUCSAC,Psychology,3.5978818679751488
Yes,31,SGGSAC,Sociology,3.344404407272688
Yes,NA,SUCSAC,Psychology,3.434557863745969
Yes,NA,SUCSAC,Psychology,3.6716087916874653
Yes,24,SGGSAC,Anthropology,3.559696300472332
Yes,31,SGGSAC,Sociology,3.5123245655635933
Yes,NA,SUCSAC,Psychology,3.2965823010830766
Yes,24,SGGSAC,Anthropology,3.331515500974968
Yes,NA,SUCSAC,Psychology,3.4909686197273837
Yes,31,SGGSAC,Sociology,3.6600231372867187
Yes,NA,SUCSAC,Psychology,3.5794538501983353
Yes,31,SGGSAC,Sociology,3.816752722371477
Yes,24,SGGSAC,Anthropology,3.1995872433856034
Yes,24,SGGSAC,Anthropology,3.4176262619390534
Yes,31,SGGSAC,Sociology,3.783522483627153
Yes,NA,SUCSAC,Psychology,3.5455563729439734
Yes,31,SGGSAC,Sociology,3.893240157903468
Yes,31,SGGSAC,Sociology,3.637301794731395
Yes,NA,SUCSAC,Psychology,3.3278859743018825
Yes,NA,SUCSAC,Psychology,3.6445690697788855
Yes,24,SGGSAC,Anthropology,3.310282101754066
Yes,NA,SUCSAC,Psychology,3.636434108542514
Yes,24,SGGSAC,Anthropology,3.6223047731823166
Yes,24,SGGSAC,Anthropology,3.0204235789941554
Yes,NA,SUCSAC,Psychology,3.1834431248867
Yes,31,SGGSAC,Sociology,3.1662500585376376
Yes,31,SGGSAC,Sociology,3.67549212162206
Yes,24,SGGSAC,Anthropology,3.8292798305785607
Yes,NA,SUCSAC,Psychology,2.948752075632279
Yes,24,SGGSAC,Anthropology,3.154544366381761
Yes,24,SGGSAC,Anthropology,3.544316325414152
Yes,24,SGGSAC,Anthropology,3.60176012132667
Yes,NA,SUCSAC,Psychology,3.7840704455196477
Yes,NA,SUCSAC,Psychology,3.291817591831027
Yes,31,SGGSAC,Sociology,3.818140272458262
Yes,24,SGGSAC,Anthropology,3.5211847414665116
Yes,31,SGGSAC,Sociology,3.5017241888090305
Yes,NA,SUCSAC,Psychology,3.031955911444928
Yes,31,SGGSAC,Sociology,3.559003155336022
Yes,24,SGGSAC,Anthropology,3.5340481226833393
Yes,24,SGGSAC,Anthropology,3.7075653098073884
Yes,NA,SUCSAC,Psychology,3.703095456682823
Yes,NA,SUCSAC,Psychology,3.3045203092151763
Yes,24,SGGSAC,Anthropology,3.6692605939065626
Yes,24,SGGSAC,Anthropology,3.36942247526384
