time_updated,long,placename,placenameformap,state,levelofgovernmentlocalstatenational,typeofaction,linktosourcenewspressreleaseetc.,datesineffect
2020-03-26T03:29:29.113Z,,HUD,,,Federal,Eviction and Foreclosure Moratorium,https://www.hud.gov/sites/dfiles/OCHCO/documents/20-04hsgml.pdf,
2020-03-26T03:29:29.113Z,,USDA,,,Federal,"Food Assistance, SNAP",https://www.usda.gov/media/press-releases/2020/03/10/secretary-perdue-announces-proactive-flexibilities-feed-children,
2020-03-26T03:29:29.113Z,,Congress,,,Federal,Emergency Relief Package,https://docs.house.gov/billsthisweek/20200309/BILLS-116hr6201-SUS.pdf,
2020-03-26T03:29:29.113Z,,White House,,,Federal,Emergency Relief Package,https://www.npr.org/2020/03/17/816822215/congress-weighs-new-massive-wave-of-emergency-funding-to-address-coronavirus,
2020-03-26T03:29:29.113Z,,Congress,,,Federal,Familes First Corona Virus Response Act (HR 6201),https://docs.house.gov/billsthisweek/20200309/BILLS-116hr6201-SUS.pdf,
2020-03-26T03:29:29.113Z,,CMS,,,Federal,Expansion of Telehealth in Medicare,https://www.cms.gov/newsroom/fact-sheets/medicare-telemedicine-health-care-provider-fact-sheet,
2020-03-26T03:29:29.113Z,,FEMA,,,Federal,,https://www.vox.com/2020/3/13/21178414/trump-coronavirus-national-emergency-state-funding,
2020-03-26T03:29:29.113Z,,FEMA,,,Federal,,https://www.fema.gov/news-release/2020/03/13/president-donald-j-trump-directs-fema-support-under-emergency-declaration,
2020-03-26T03:29:29.113Z,-86.808889,Alabama - Birmingham,Birmingham,AL,Local,Moratorium on Utility Shutoffs,https://www.al.com/news/2020/03/birmingham-water-works-wont-cut-your-water-off-during-coronavirus-outbreak.html,No water shut-offs
2020-03-26T03:29:29.113Z,-86.9833,Alabama - Decatur,Decatur,AL,Local,Moratorium on Utility Shutoffs,https://twitter.com/decaturdaily/status/1238572311676141575?s=20,"No water shut-offs ""until further notice"""
2020-03-26T03:29:29.113Z,-88.0399,Alabama - Mobile,Mobile,AL,Local,Moratorium on Utility Shutoffs,https://www.fox10tv.com/news/coronavirus/mawss-suspends-disconnections-for-nonpayment-of-water-bills/article_cdaa4ef6-68b6-11ea-9b22-1fb68ae45069.html,
2020-03-26T03:29:29.113Z,-85.6114,Alabama - Piedmont,Piedmont,AL,Local,Moratorium on Utility Shutoffs,https://twitter.com/BurkhalterEddie/status/1238102719895867393?s=20,Thru mid-April
2020-03-26T03:29:29.113Z,-149.9003,Alaska - Anchorage,Anchorage,AK,Local,Moratorium on Utility Shutoffs,https://twitter.com/ForrestDunbarAK/status/1240066480353525761?s=20,Duration of disaster declaration
2020-03-26T03:29:29.113Z,,Arizona,Arizona,AZ,State,Eviction Moratorium,https://www.verdenews.com/news/2020/mar/24/governor-imposes-eviction-moratorium-until-july-23/,Thru July 23 for tenants experiencing loss of income due to coronavirus
2020-03-26T03:29:29.113Z,-111.5496,Arizona - Apache Junction,Apache Junction,AZ,Local,Moratorium on Utility Shutoffs,"https://www.yourvalley.net/apache-junction-independent/stories/city-of-apache-junction-to-follow-social-distancing-recommendations-library-mgc-temporarily-close,148116",
2020-03-26T03:29:29.113Z,-111.6513,Arizona - Flagstaff,Flagstaff,AZ,Local,Moratorium on Utility Shutoffs,https://twitter.com/CityofFlagstaff/status/1240762445427163136?s=20,
2020-03-26T03:29:29.113Z,-112.074,Arizona - Phoenix,Phoenix,AZ,Local,Moratorium on Utility Shutoffs,https://twitter.com/MayorGallego/status/1238163868876025858?s=20,Reconnecting currently disconnected
2020-03-26T03:29:29.113Z,-111.94,Arizona - Tempe,Tempe,AZ,Local,Moratorium on Utility Shutoffs,https://www.tempe.gov/Home/Components/News/News/14120/1546?backlist=%2fgovernment%2fcommunication-and-media-relations,"""Until further notice"""
2020-03-26T03:29:29.113Z,-110.926389,Arizona - Pima County (Tucson),Pima County,AZ,Local,Eviction Moratorium,https://www.tucsonweekly.com/TheRange/archives/2020/03/18/pima-county-constables-no-evictions-during-covid-19-outbreak,Constables will not execute evictions until further notice
2020-03-26T03:29:29.113Z,-94.1719,Arkanasas - Fayetteville,Fayetteville,AR,Local,Moratorium on Utility Shutoffs,http://www.fayetteville-ar.gov/CivicSend/ViewMessage/Message/106992,
2020-03-26T03:29:29.113Z,-94.1185,Arkansas - Rodgers,Rodgers,AR,Local,Moratorium on Utility Shutoffs,https://www.nwaonline.com/news/2020/mar/17/rogers-halts-water-disconnections-20200/?utm_medium=social&utm_source=twitter_nwademgaz,
2020-03-26T03:29:29.113Z,-94.1288,Arkansas - Springdale,Springdale,AR,Local,Moratorium on Utility Shutoffs,https://www.springdalewater.com/,Until April 30
2020-03-26T03:29:29.113Z,,California,California,CA,State,"Advisory to Suspend Evictions, Utility Shutoffs",https://www.gov.ca.gov/wp-content/uploads/2020/03/3.16.20-Executive-Order.pdf,Thru May 31
2020-03-26T03:29:29.113Z,,California,California,CA,State,Hotels as Housing for Homeless,https://www.sacbee.com/news/local/article241216061.html,
2020-03-26T03:29:29.113Z,-122.270833,California - Alameda County (Oakland),Alameda County,CA,Local,Eviction Moratorium,https://twitter.com/ACSOSheriffs/status/1239672352213839872,Sheriff's office suspending evictions until further notice
2020-03-26T03:29:29.113Z,-124.090556,California - Arcata,Arcata,CA,Local,Moratorium on Utility Shutoffs,https://lostcoastoutpost.com/2020/mar/20/arcata-consider-moratorium-evictions-are-related-c/,No water shutoffs
2020-03-26T03:29:29.113Z,-122.1586,California - Benicia,Benicia,CA,Local,Moratorium on Utility Shutoffs,https://patch.com/california/benicia/benicia-pauses-utility-disconnections-during-coronavirus-crisis,
2020-03-26T03:29:29.113Z,-122.272778,California - Berkeley,Berkeley,CA,Local,Eviction Moratorium,http://astanehelaw.com/wp-content/uploads/2020/03/BerkeleyCOVID19EmergencyOrdinance.pdf,Duration of state of emergency
2020-03-26T03:29:29.113Z,-118.328333,California - Burbank,Burbank,CA,Local,Eviction Moratorium,https://www.latimes.com/socal/burbank-leader/news/story/2020-03-18/burbank-places-moratorium-on-evictions,Thru April 30
2020-03-26T03:29:29.113Z,-118.328333,California - Burbank,Burbank,CA,Local,Moratorium on Utility Shutoffs,https://twitter.com/BurbankCA/status/1240031307939205120?s=20,Thru April 6th
2020-03-26T03:29:29.113Z,-117.9859,California - California City,California City,CA,Local,Moratorium on Utility Shutoffs,http://www.desertnews.com/news/article_36c19754-693f-11ea-bc4c-fb89b97b0e28.html,"""Suspended Indefinitely"""
2020-03-26T03:29:29.113Z,-117.3506,California - Carlsbad,Carlsbad,CA,Local,Moratorium on Utility Shutoffs,https://twitter.com/carlsbadcagov/status/1240011041733566465?s=20,
2020-03-26T03:29:29.113Z,-119.033333,California - Carmarillo,Carmarillo,CA,Local,Eviction Moratorium,https://www.vcstar.com/story/news/local/2020/03/19/thousand-oaks-coronavirus-oxnard-ventura-county-cities-halt-evictions/2865264001/,
2020-03-26T03:29:29.113Z,-118.0275,California - El Monte,El Monte,CA,Local,Eviction Moratorium,https://www.sgvtribune.com/2020/03/20/el-monte-approves-60-day-eviction-moratorium-during-coronavirus-crisis/,Thru May 18
2020-03-26T03:29:29.113Z,-122.285278,California - Emeryville,Emeryville,CA,Local,Eviction Moratorium,https://evilleeye.com/news-commentary/breaking-news/city-of-emeryville-passes-temporary-moratorium-on-residential-and-commercial-evictions/,Thru May 31
2020-03-26T03:29:29.113Z,-119.766667,California - Fresno,Fresno,CA,Local,Eviction Moratorium,http://www.fresno.courts.ca.gov/_pdfs/Administrative%20Order%20of%20the%20Presiding%20Judge%20re%20COVID-19%20Pandemic.pdf,No hearings before April 4
2020-03-26T03:29:29.113Z,-118.255,California - Glendale,Glendale,CA,Local,Eviction Moratorium,http://astanehelaw.com/wp-content/uploads/2020/03/GlendaleCoronavirusCOVID19EvictionMoratorium.pdf,Thru March 31
2020-03-26T03:29:29.113Z,-119.813611,California - Goleta,Goleta,CA,Local,Eviction Moratorium,http://astanehelaw.com/wp-content/uploads/2020/03/Goleta-Coronavirus-COVID19-Eviction-Moratorium.pdf,Duration of local emergency
2020-03-26T03:29:29.113Z,-124.163611,California - Humbolt County,Humbolt County,CA,Local,Eviction Moratorium,https://lostcoastoutpost.com/2020/mar/20/arcata-consider-moratorium-evictions-are-related-c/,Sheriff's office not enforcing evictions
2020-03-26T03:29:29.113Z,-118.346111,California - Inglewood,Inglewood,CA,Local,Eviction Moratorium,https://www.cityofinglewood.org/DocumentCenter/View/14118/Executed-Copy---Emergency-Ordinance-COVID19,Thru May 1
2020-03-26T03:29:29.113Z,-118.25,California - Los Angeles,Los Angeles,CA,Local,Eviction Moratorium,https://www.lamayor.org/mayor-garcetti-issues-temporary-restrictions-help-slow-spread-novel-coronavirus-protect-public,Duration of local emergency period
2020-03-26T03:29:29.113Z,-118.25,California - Los Angeles County (unincorporated areas only),Los Angeles County (unincorporated areas),CA,Local,Eviction Moratorium,https://laist.com/latest/post/20200317/coronavirus-los-angeles-public-health-updates-march-17,Thru May 31
2020-03-26T03:29:29.113Z,-118.873611,California - Moorpark,Moorpark,CA,Local,Eviction Moratorium,https://www.mpacorn.com/articles/city-puts-evictions-on-hold-amid-covid-19-crisis/,Thru May 31
2020-03-26T03:29:29.113Z,-119.246667,California - Ojai,Ojai,CA,Local,Eviction Moratorium,http://ojaicity.org/city-orders-a-residential-eviction-moratorium/,Duration of local emergency
2020-03-26T03:29:29.113Z,-119.1825,California - Oxnard,Oxnard,CA,Local,Eviction Moratorium,https://www.vcstar.com/story/news/2020/03/18/oxnard-coronavirus-city-council-update-halt-evictions-waive-utility-fees/5048311002/,Until further notice
2020-03-26T03:29:29.113Z,-116.545278,California - Palm Springs,Palm Springs,CA,Local,Eviction Moratorium,https://www.desertsun.com/story/news/health/2020/03/19/coronavirus-palm-springs-consider-helping-small-businesses-temporarily-halting-evictions/2880251001/,Thru April 2
2020-03-26T03:29:29.113Z,-118.131944,California - Pasadena,Pasadena,CA,Local,Eviction Moratorium,https://www.pasadenastarnews.com/2020/03/17/pasadena-passes-eviction-moratorium-in-response-to-coronavirus/,Duration of state of emergency
2020-03-26T03:29:29.113Z,-118.131944,California - Pasadena,Pasadena,CA,Local,Moratorium on Utility Shutoffs,https://www.pasadenastarnews.com/2020/03/17/pasadena-passes-eviction-moratorium-in-response-to-coronavirus/,Duration of state of emergency
2020-03-26T03:29:29.113Z,-122.347778,California - Richmond,Richmond,CA,Local,Eviction Moratorium,http://astanehelaw.com/wp-content/uploads/2020/03/RichmondCoronavirusCOVID19EvictionMoratorium.pdf,Until further notice
2020-03-26T03:29:29.113Z,-121.494444,California - Sacramento,Sacramento,CA,Local,Eviction Moratorium,https://sacramentocityexpress.com/2020/03/18/city-announces-temporary-ban-on-residential-tenant-evictions/,Thru May 31
2020-03-26T03:29:29.113Z,-117.3,California - San Bernardino,San Bernadino,CA,Local,Eviction Moratorium,https://www.sbsun.com/2020/03/19/coronavirus-concerns-lead-san-bernardino-to-declare-emergency-eviction-moratorium/,Thru March 31
2020-03-26T03:29:29.113Z,-117.3,California - San Bernardino,San Bernadino,CA,Local,Moratorium on Utility Shutoffs,https://www.sbsun.com/2020/03/19/coronavirus-concerns-lead-san-bernardino-to-declare-emergency-eviction-moratorium/,
2020-03-26T03:29:29.113Z,-117.1625,California - San Diego,San Diego,CA,Local,Eviction Moratorium,https://kson.radio.com/blogs/kimo-jensen/city-of-san-diego-passes-covid-19-package,
2020-03-26T03:29:29.113Z,-117.1625,California - San Diego,San Diego,CA,Local,Moratorium on Utility Shutoffs,https://www.sandiego.gov/sites/default/files/mayoralexecutiveorder_covid19.pdf,Thru March 31
2020-03-26T03:29:29.113Z,-122.416389,California - San Francisco,San Francisco,CA,Local,Eviction Moratorium,https://www.nbcbayarea.com/news/local/san-francisco/san-francisco-mayor-declares-moratorium-on-coronavirus-related-evictions/2254382/,Thru April 13
2020-03-26T03:29:29.113Z,-121.9,California - San Jose,San Jose,CA,Local,Eviction Moratorium,https://www.sanjoseca.gov/Home/Components/News/News/969/,Thru April 17
2020-03-26T03:29:29.113Z,-120.45,California - San Luis Obispo County,San Luis Obispo County,CA,Local,Eviction Moratorium,http://astanehelaw.com/wp-content/uploads/2020/03/San-Louis-Obispo-County-Coronavirus-COVID19-Eviction-Moratorium.pdf,Thru May 31
2020-03-26T03:29:29.113Z,-117.881389,California - Santa Ana,Santa Ana,CA,Local,Eviction Moratorium,http://astanehelaw.com/wp-content/uploads/2020/03/SantaAnaCoronavirusCOVID19EvictionMoratorium.pdf,Duration of local emergency
2020-03-26T03:29:29.113Z,-117.881389,California - Santa Ana,Santa Ana,CA,Local,Moratorium on Utility Shutoffs,http://astanehelaw.com/wp-content/uploads/2020/03/SantaAnaCoronavirusCOVID19EvictionMoratorium.pdf,Thru May 18
2020-03-26T03:29:29.113Z,-118.481389,California - Santa Monica,Santa Monica,CA,Local,Eviction Moratorium,https://www.santamonica.gov/Media/Default/CMO/Supplement_1_-_Local_Emergency_-_COVID_19_-_Evictions_and_Fees.pdf,Duration of state of emergency
2020-03-26T03:29:29.113Z,-118.739444,California - Simi Valley,Simi Valley,CA,Local,Eviction Moratorium,https://www.vcstar.com/story/news/local/2020/03/19/thousand-oaks-coronavirus-oxnard-ventura-county-cities-halt-evictions/2865264001/,
2020-03-26T03:29:29.113Z,-118.150278,California - South Pasadena,South Pasadena,CA,Local,Eviction Moratorium,http://astanehelaw.com/wp-content/uploads/2020/03/SouthPasadenaCoronavirusCOVID19EvictionMoratorium.pdf,Duration of local emergency period
2020-03-26T03:29:29.113Z,-118.875,California - Thousand Oaks,Thousand Oaks,CA,Local,Eviction Moratorium,https://www.toaks.org/home/showdocument?id=25922,Not known--check with City Manager and City Attorney
2020-03-26T03:29:29.113Z,-122.235833,California - Vallejo,Vallejo,CA,Local,Eviction Moratorium,http://astanehelaw.com/wp-content/uploads/2020/03/VallejoCoronavirusCOVID19EvictionMoratorium.pdf,Duration of procalamation of emergency
2020-03-26T03:29:29.113Z,-122.235833,California - Vallejo,Vallejo,CA,Local,Moratorium on Utility Shutoffs,http://astanehelaw.com/wp-content/uploads/2020/03/VallejoCoronavirusCOVID19EvictionMoratorium.pdf,Duration of procalamation of emergency
2020-03-26T03:29:29.113Z,-121.763611,California - Watsonville,Watsonville,CA,Local,Eviction Moratorium,https://www.santacruzsentinel.com/2020/03/23/watsonville-enacts-eviction-moratorium-for-tenants-impacted-by-coronavirus/,Thru May 31
2020-03-26T03:29:29.113Z,-104.990251,Colorado - Denver,Denver,CO,Local,Eviction Moratorium,https://www.denvergov.org/content/denvergov/en/mayors-office/newsroom/2020/city-and-county-of-denver-covid-19-response-update.html,Sheriff deputies deployed away from eviction duties until further notice
2020-03-26T03:29:29.113Z,,Connecticut,Connecticut,CT,State,Eviction Moratorium,https://www.ctpost.com/business/article/As-NY-CA-act-on-evictions-CT-relying-on-court-15137114.php,Thru March 27
2020-03-26T03:29:29.113Z,,Connecticut,Connecticut,CT,State,Moratorium on Utility Shutoffs,https://www.wnpr.org/post/during-covid-19-emergency-connecticut-utilities-will-stop-nonpayment-shut-offs,
2020-03-26T03:29:29.113Z,,Delaware,Delaware,DE,State,Eviction Moratorium,https://courts.delaware.gov/forms/download.aspx?id=120318,No hearings before April 17; current eviction cases rescheduled no earlier than May 1
2020-03-26T03:29:29.113Z,-80.82,Florida - 18th Judicial Circuit (Seminole and Brevard Counties),Seminole and Brevard Counties,FL,Local,Eviction Moratorium,https://flcourts18.org/docs/cir/AO-20-15.pdf,Thru April 15
2020-03-26T03:29:29.113Z,-80.15,Florida - Broward County (Ft. Lauderdale),Broward County,FL,Local,Eviction Moratorium,http://www.17th.flcourts.org/wp-content/uploads/2019/11/2019-85-Gen.pdf,"Duration of state of emergency. Pursuant to Administrative Order No. 2019-85-Gen, no writs of possession can be executed during state of emergency in Broward County."
2020-03-26T03:29:29.113Z,-81.661389,Florida - Jacksonville,Jacksonville,FL,Local,Moratorium on Utility Shutoffs,https://www.foodandwaterwatch.org/news/stopping-water-shutoffs-locally-not-enough-we-need-national-ban-and-service-restoration-plan,No water shutoffs
2020-03-26T03:29:29.113Z,-80.191788,Florida - Miami,Miami,FL,Local,Eviction Moratorium,https://www.miamiherald.com/news/local/community/miami-dade/article241127666.html,Police department will not be carrying out evictions
2020-03-26T03:29:29.113Z,-81.38,Florida - Orange County (Orlando),Orange County,FL,Local,Eviction Moratorium,https://www.orlandosentinel.com/coronavirus/os-bz-orange-county-halts-evictions-20200316-35fjitbulbcwximgeqfwqchiuu-story.html,Sheriff's office suspending evictions until further notice
2020-03-26T03:29:29.113Z,-84.39,Georgia - Atlanta,Atlanta,GA,Local,Moratorium on Utility Shutoffs,https://www.atlantaga.gov/Home/ShowDocument?id=45350,No water shut-offs thru May 10
2020-03-26T03:29:29.113Z,-84.39,Georgia - Atlanta,Atlanta,GA,Local,Eviction Moratorium,https://www.atlantaga.gov/Home/ShowDocument?id=45476,No evictions from public housing or select other landlords thru May 15.
2020-03-26T03:29:29.113Z,,Hawaii,Hawaii,HI,State,Eviction Moratorium,https://www.courts.state.hi.us/wp-content/uploads/2020/03/031619_scmf-20-152_In_Re_COVID-19.pdf,Thru April 30
2020-03-26T03:29:29.113Z,,Idaho,Idaho,ID,State,Eviction Moratorium,https://isc.idaho.gov/files/COVID-19-Order.pdf,Thru April 10
2020-03-26T03:29:29.113Z,,Illinois,Illinois,IL,State,Moratorium on Utility Shutoffs,https://www.foodandwaterwatch.org/news/stopping-water-shutoffs-locally-not-enough-we-need-national-ban-and-service-restoration-plan,No water shutoffs
2020-03-26T03:29:29.113Z,,Illinois,Illinois,IL,State,Eviction Moratorium,https://www2.illinois.gov/IISNews/21288-Gov._Pritzker_Stay_at_Home_Order.pdf,Law enforcement ordered not to enforce eviction orders thru April 7.
2020-03-26T03:29:29.113Z,-87.684722,Illinois - Cook County (Chicago),Cook County,IL,Local,Eviction Moratorium,https://wbbm780.radio.com/articles/suntimes/cook-county-sheriff-s-office-suspends-jail-visits-evictions,Thru April 14
2020-03-26T03:29:29.113Z,-88.441944,Illinois - Twenty-Third Judicial Circuit (DeKalb and Kendall Counties),Dekalb and Kendall Counties,IL,Local,Eviction Moratorium,https://dekalbcounty.org/wp-content/uploads/2020/03/news-jd-23rd-judicial-circuit.pdf,No hearings thru April 17
2020-03-26T03:29:29.113Z,,Indiana,Indiana,IN,State,Eviction Moratorium,https://www.in.gov/gov/files/EO_20-06.pdf,Duration of state of emergency
2020-03-26T03:29:29.113Z,,Iowa,Iowa,IA,State,Eviction Moratorium,https://governor.iowa.gov/sites/default/files/documents/Public%20Health%20Proclamation%20-%202020.03.19.pdf,Duration of state of emergency
2020-03-26T03:29:29.113Z,,Kansas,Kansas,KS,State,Eviction Moratorium,https://governor.kansas.gov/wp-content/uploads/2020/03/20-06-Executed.pdf,Thru May 1
2020-03-26T03:29:29.113Z,,Kentucky,Kentucky,KY,State,Eviction Moratorium,https://www.nkybar.com/resources/KENTUCKY%20COURT%20OF%20JUSTICE%20RESPONSE%20TO%20COVID-19%20EMERGENCY.pdf,Thru April 10
2020-03-26T03:29:29.113Z,,Louisiana,Louisiana,LA,State,Moratorium on Utility Shutoffs,https://louisianalawhelp.org/resource/coronavirus-covid-19-information?ref=nyKu7,No water shutoffs
2020-03-26T03:29:29.113Z,,Louisiana,Louisiana,LA,State,Eviction Moratorium,https://www.theadvocate.com/baton_rouge/news/coronavirus/article_47a806ca-6d45-11ea-844c-03114270875d.html,Thru April 13
2020-03-26T03:29:29.113Z,-91.178611,Louisiana - Baton Rouge,Baton Route,LA,Local,Eviction Moratorium,https://www.theadvocate.com/baton_rouge/news/coronavirus/article_47a806ca-6d45-11ea-844c-03114270875d.html,Hearings rescheduled to no sooner than April 20
2020-03-26T03:29:29.113Z,-90.08,Louisiana - New Orleans,New Orleans,LA,Local,Eviction Moratorium,https://www.nola.com/news/coronavirus/article_8ba8720c-6565-11ea-9c79-db9b668bf2a5.html,Thru April 24
2020-03-26T03:29:29.113Z,,Maryland,Maryland,MD,State,Eviction Moratorium,https://governor.maryland.gov/wp-content/uploads/2020/03/Executive-Order-Temp-Evictions-Prohibiting.pdf,Duration of state of emergency
2020-03-26T03:29:29.113Z,-76.609383,Maryland - Baltimore,Baltimore,MD,Local,Eviction Moratorium,https://www.kvue.com/article/news/health/coronavirus/coronavirus-austin-utilities-not-disconnecting-for-non-payment/269-96947fa7-1916-4884-a933-904715d90bd4,Until schools re-open
2020-03-26T03:29:29.113Z,,Massachusetts,Massachusetts,MA,State,Eviction Moratorium,https://www.mass.gov/advisory/housing-court-non-emergency-cases-will-be-re-scheduled-to-after-april-21-2020,No new eviction cases heard before April 22
2020-03-26T03:29:29.113Z,-71.063611,Massachusetts - Boston,Boston,MA,Local,Eviction Moratorium,https://www.bostonglobe.com/2020/03/18/business/sanders-warren-push-halt-evictions-during-coronavirus-crisis/,"Public housing evictions halted thru April 17, all eviction hearings delayed thru April 22"
2020-03-26T03:29:29.113Z,-71.162587,Massachusetts - Lawrence,Lawrence,MA,Local,Eviction Moratorium,https://www.eagletribune.com/news/merrimack_valley/rivera-city-council-place-moratorium-on-evictions/article_85c0c06f-f6db-5943-84fe-7b97ad14d08c.html,"Pending passage into city ordinance, expected at March 31 virtual city council meeting"
2020-03-26T03:29:29.113Z,,Michigan,Michigan,MI,State,Eviction Moratorium,https://www.freep.com/story/news/local/michigan/detroit/2020/03/20/michigan-executive-order-evictions-coronavirus/2885255001/,Thru April 17
2020-03-26T03:29:29.113Z,-83.045833,Michigan - 36th District Court (Detroit),36th District Court (Detroit),MI,Local,Eviction Moratorium,https://www.36thdistrictcourt.org/about-us/announcements/2020/03/13/all-matters-scheduled-between-march-16-2020-and-april-3-2020-will-be-rescheduled-to-a-future-date.-court-appearance-notices-will-be-mailed-and-you-can-check-our-website-for-more-information.-you-can-also-sign-up-for-court-date-reminders-via-the-website,No hearings until further notice
2020-03-26T03:29:29.113Z,,Minnesota,Minnesota,MN,State,Eviction Moratorium,http://www.mncourts.gov/About-The-Courts/NewsAndAnnouncements/ItemDetail.aspx?id=1863,No hearings before March 31
2020-03-26T03:29:29.113Z,-94.578333,Missouri - Jackson County (Kansas City),Jackson County,MO,Local,Eviction Moratorium,https://www.kshb.com/news/coronavirus/judge-orders-temporary-freeze-of-evictions-in-jackson-county,Thru April 18
2020-03-26T03:29:29.113Z,-90.197778,Missouri - St. Louis,St. Louis,MO,Local,Moratorium on Utility Shutoffs,https://www.ksdk.com/article/news/health/coronavirus/st-louis-city-leaders-giving-update-on-covid-19-efforts/63-315fa80d-c482-4b10-8e9d-de064018a3be,No water shut-offs thru May 15
2020-03-26T03:29:29.113Z,-96,Nebraska - Omaha,Omaha,NE,Local,Eviction Moratorium,https://www.omaha.com/news/local/omaha-housing-authority-temporarily-halts-evictions-amid-coronavirus-outbreak/article_e70e201d-2e0f-549d-bb5c-7672b87df90d.html,No evictions from public housing until further notice
2020-03-26T03:29:29.113Z,-115.0253,Nevada - Henderson,Henderson,NV,Local,Eviction Moratorium,http://www.clarkcountynv.gov/justicecourt/henderson/Documents/covid_order.pdf,Thru April 20
2020-03-26T03:29:29.113Z,-115.136389,Nevada - Las Vegas,Las Vegas,NV,Local,Eviction Moratorium,http://www.lasvegasjusticecourt.us/Admin%20Order%2020-03%20Amended.pdf,Thru April 20
2020-03-26T03:29:29.113Z,-115.146667,Nevada - North Las Vegas,North Las Vegas,NV,Local,Eviction Moratorium,https://www.clarkcountynv.gov/justicecourt/nlv/Documents/NLV%20Justice%20Ct-Admin%20Order%202020-02.pdf,Thru April 16
2020-03-26T03:29:29.113Z,-119.821944,Nevada - Reno,Reno,NV,Local,Eviction Moratorium,https://www.washoecounty.us/rjc/files/news/Amended_Administrative_Order_3192020.pdf,Thru April 20
2020-03-26T03:29:29.113Z,,New Hampshire,New Hampshire,NH,State,Eviction Moratorium,https://www.governor.nh.gov/news-media/press-2020/documents/emergency-order-4.pdf,Duration of state of emergency
2020-03-26T03:29:29.113Z,,New Jersey,New Jersey,NJ,State,Eviction Moratorium,https://www.nj.com/coronavirus/2020/03/murphy-orders-evictions-foreclosures-to-stop-in-nj-during-coronavirus-outbreak.html,Duration of state of emergency
2020-03-26T03:29:29.113Z,,New Jersey,New Jersey,NJ,State,Moratorium on Utility Shutoffs,https://www.foodandwaterwatch.org/news/stopping-water-shutoffs-locally-not-enough-we-need-national-ban-and-service-restoration-plan,No water shut-offs
2020-03-26T03:29:29.113Z,-75.105,New Jersey - Camden County,Camden County,NJ,Local,Eviction Moratorium,https://www.camdencounty.com/freeholder-board-declares-state-of-emergency-in-camden-county/,Sheriff's office suspending evictions until further notice
2020-03-26T03:29:29.113Z,-74.1723667,New Jersey - Essex County (Newark),Essex County,NJ,Local,Eviction Moratorium,https://www.nj.com/coronavirus/2020/03/newark-suspending-evictions-as-first-cases-of-covid-19-are-diagnosed-in-states-largest-city.html,Sheriff's office suspending evictions until further notice
2020-03-26T03:29:29.113Z,-105.964444,New Mexico - Santa Fe,Santa Fe,NM,Local,Eviction Moratorium,https://www.sfreporter.com/news/2020/03/18/santa-fe-mayor-announces-eviction-freeze/,
2020-03-26T03:29:29.113Z,-105.964444,New Mexico - Santa Fe,Santa Fe,NM,Local,Moratorium on Utility Shutoffs,https://www.sfreporter.com/news/2020/03/18/santa-fe-mayor-announces-eviction-freeze/,No water shut-offs
2020-03-26T03:29:29.113Z,,New York,New York,NY,State,Eviction Moratorium,https://queenseagle.com/all/state-halts-evictions-trials-continue-coronavirus-courts,No hearings until further notice
2020-03-26T03:29:29.113Z,,New York,New York,NY,State,Moratorium on Utility Shutoffs,https://www.foodandwaterwatch.org/news/stopping-water-shutoffs-locally-not-enough-we-need-national-ban-and-service-restoration-plan,No water shut-offs
2020-03-26T03:29:29.113Z,,North Carolina,North Carolina,NC,State,Eviction Moratorium,https://www.charlotteobserver.com/news/coronavirus/article241226521.html,No hearings before April 14
2020-03-26T03:29:29.113Z,,North Dakota,North Dakota,ND,State,Eviction Moratorium,https://www.ndcourts.gov/legal-resources/rules/ndsupctadminorder/25,Thru April 24
2020-03-26T03:29:29.113Z,,Ohio,Ohio,OH,State,Moratorium on Utility Shutoffs,https://www.news5cleveland.com/news/continuing-coverage/coronavirus/watch-live-coronavirus-update-given-by-gov-dewine-ohio-supreme-court-chief-justice,
2020-03-26T03:29:29.113Z,-81.519,Ohio - Akron,Akron,OH,Local,Moratorium on Utility Shutoffs,https://www.news5cleveland.com/news/continuing-coverage/coronavirus/akron-temporarily-ceases-water-service-shutoffs,"No Water Shutoffs ""for 30 days"", article posted Mar 14"
2020-03-26T03:29:29.113Z,-84.512,Ohio - Cincinnati,Cincinnati,OH,Local,Moratorium on Utility Shutoffs,https://twitter.com/cincinnatiwater/status/1238212510056144900?s=21,
2020-03-26T03:29:29.113Z,-81.68129,Ohio - Cleveland,Cleveland,OH,Local,Eviction Moratorium,https://clevelandmunicipalcourt.org/docs/default-source/cleveland-housing-court/housingcadminorder3-17-2020.pdf?sfvrsn=7f2a4e3d_0,Thru April 17
2020-03-26T03:29:29.113Z,-81.68129,Ohio - Cleveland,Cleveland,OH,Local,Moratorium on Utility Shutoffs,https://www.cpp.org/node/104,No electric stuffoffs until further notice
2020-03-26T03:29:29.113Z,-81.68129,Ohio - Cleveland,Cleveland,OH,Local,Moratorium on Utility Shutoffs,http://www.clevelandwater.com/blog/how-were-addressing-covid-19-cleveland-water,No water shutoffs until further notice
2020-03-26T03:29:29.113Z,-82.983333,Ohio - Columbus,Columbus,OH,Local,Moratorium on Utility Shutoffs,https://www.nbc4i.com/news/local-news/columbus-officials-to-provide-update-on-citys-preparedness-for-covid-19/,Duration of public health emergency
2020-03-26T03:29:29.113Z,-84.191667,Ohio - Dayton,Dayton,OH,Local,Eviction Moratorium,https://twitter.com/nanwhaley/status/1238571853364342784,Thru April 30
2020-03-26T03:29:29.113Z,-84.191667,Ohio - Dayton,Dayton,OH,Local,Moratorium on Utility Shutoffs,https://twitter.com/nanwhaley/status/1238571853364342784,No water shutoffs thru April 30
2020-03-26T03:29:29.113Z,-83.068,Ohio - Delaware,Delaware,OH,Local,Moratorium on Utility Shutoffs,https://twitter.com/Delaware_Ohio/status/1239583070451359744?s=20,"Shutoffs ""temporarily suspended for March"""
2020-03-26T03:29:29.113Z,-82.983333,Ohio - Franklin County (Columbus),Franklin County,OH,Local,Eviction Moratorium,http://www.fcmcclerk.com/documents/court/2020-3-17_Administrative%20Order%2005-2020.pdf,No new eviction hearings before May 13; existing cases continued until May 13
2020-03-26T03:29:29.113Z,-97.521389,Oklahoma - Oklahoma City,Oklahoma City,OK,Local,Moratorium on Utility Shutoffs,https://www.foodandwaterwatch.org/news/stopping-water-shutoffs-locally-not-enough-we-need-national-ban-and-service-restoration-plan,No water shutoffs
2020-03-26T03:29:29.113Z,,Oregon,Oregon,OR,State,Eviction Moratorium,https://www.opb.org/news/article/gov-kate-brown-halts-oregon-evictions-as-calls-for-shelter-in-place-action-grow/?fbclid=IwAR0-cx-GQfcPi0cQVd6MCHBo6CABJpCYV5qIKiLBGHLwr916Vl_1N-jyvzk,Updated--now thru June 20 by executive order
2020-03-26T03:29:29.113Z,-122.804489,Oregon - Beaverton,Beaverton,OR,Local,Eviction Moratorium,https://www.beavertonoregon.gov/CivicAlerts.aspx?AID=2108,Thru March 22
2020-03-26T03:29:29.113Z,-122.804489,Oregon - Beaverton,Beaverton,OR,Local,Moratorium on Utility Shutoffs,https://www.beavertonoregon.gov/CivicAlerts.aspx?AID=2108,Thru March 22
2020-03-26T03:29:29.113Z,-122.21,Oregon - Clackamas County,Clackamas County,OR,Local,Eviction Moratorium,https://www.clackamas.us/news/2020-03-19/board-of-county-commissioners-announces-ratifies-countywide-moratorium-on-commercial-and-residential-evictions,
2020-03-26T03:29:29.113Z,-122.681944,Oregon - Multnomah County (Portland),Multnomah County,OR,Local,Eviction Moratorium,https://www.opb.org/news/article/portland-multnomah-county-moratorium-evictions-coronavirus/,Duration of state of emergency
2020-03-26T03:29:29.113Z,-122.681944,Oregon - Portland,Portland,OR,Local,Eviction Moratorium,https://www.opb.org/news/article/portland-multnomah-county-moratorium-evictions-coronavirus/,Duration of state of emergency
2020-03-26T03:29:29.113Z,-122.641111,Oregon - West Linn,West Linn,OR,Local,Eviction Moratorium,https://westlinnoregon.gov/communications/city-response-novel-coronavirus-covid-19,
2020-03-26T03:29:29.113Z,,Pennsylvania,Pennsylvania,PA,State,Eviction Moratorium,http://www.pacourts.us/assets/files/page-1305/file-8634.pdf,Proceedings halted until April 3
2020-03-26T03:29:29.113Z,,Pennsylvania,Pennsylvania,PA,State,Moratorium on Utility Shutoffs,https://www.foodandwaterwatch.org/news/stopping-water-shutoffs-locally-not-enough-we-need-national-ban-and-service-restoration-plan,No water shutoffs
2020-03-26T03:29:29.113Z,-75.1652215,Pennyslvania - Philadelphia,Philadelphia,PA,Local,Eviction Moratorium,https://whyy.org/articles/philadelphia-halts-evictions-as-coronavirus-bears-down/,"Thru March 30 for all tenants, thru April 13 for PHA tenants"
2020-03-26T03:29:29.113Z,,Rhode Island,Rhode Island,RI,State,Eviction Moratorium,https://www.ri.gov/press/view/37970,Thru April 18
2020-03-26T03:29:29.113Z,,South Carolina,South Carolina,SC,State,Eviction Moratorium,https://www.sccourts.org/courtOrders/displayOrder.cfm?orderNo=2020-03-18-01,Thru May 1
2020-03-26T03:29:29.113Z,,Texas,Texas,TX,State,Eviction Moratorium,https://www.txcourts.gov/media/1446203/209045.pdf,"No hearings before April 20, no execution of writs of possession before April 27"
2020-03-26T03:29:29.113Z,-97.7430608,Texas - Austin,Austin,TX,Local,Moratorium on Utility Shutoffs,https://www.kvue.com/article/news/health/coronavirus/coronavirus-austin-utilities-not-disconnecting-for-non-payment/269-96947fa7-1916-4884-a933-904715d90bd4,
2020-03-26T03:29:29.113Z,-98.493889,Texas - Bexar County (San Antonio),Bexar County,TX,Local,Eviction Moratorium,https://www.expressnews.com/news/local/article/Bexar-County-to-halt-evictions-during-coronavirus-15135909.php,"Thru April 16. Courts will still accept filings, but will not hear cases."
2020-03-26T03:29:29.113Z,-97.7430608,Texas - Travis County (Austin),Travis County,TX,Local,Eviction Moratorium,https://www.traviscountytx.gov/images/courts/Docs/temporary-standing-order-covid-19-order-no-1.pdf,Thru April 1
2020-03-26T03:29:29.113Z,,Virginia,Virginia,VA,State,Eviction Moratorium,http://www.courts.state.va.us/2020_0316_scv_order_declaration_of_judicial_emergency.pdf,No hearings thru April 6
2020-03-26T03:29:29.113Z,,Washington,Washington,WA,State,Eviction Moratorium,https://www.columbian.com/news/2020/mar/18/inslee-issues-eviction-ban-for-washington/,Thru April 18
2020-03-26T03:29:29.113Z,-122.1925,Washington - Bellevue,Bellevue,WA,Local,Moratorium on Utility Shutoffs,https://www.propublica.org/article/some-towns-still-havent-halted-utility-shut-offs-for-unpaid-water-bills-during-coronavirus-even-as-federal-lawmakers-demand-it,No water shutoffs
2020-03-26T03:29:29.113Z,-122.247222,Washington - Kenmore,Kenmore,WA,Local,Eviction Moratorium,https://www.bothell-reporter.com/news/kenmore-enacts-emergency-temporary-moratorium-on-residential-tenant-evictions/,Thru April 24
2020-03-26T03:29:29.113Z,-122.459444,Washington - Lakehaven Water & Sewer District ,Lakehaven Water & Sewer District,WA,Local,Moratorium on Utility Shutoffs,https://www.propublica.org/article/some-towns-still-havent-halted-utility-shut-offs-for-unpaid-water-bills-during-coronavirus-even-as-federal-lawmakers-demand-it,No water shutoffs
2020-03-26T03:29:29.113Z,-119.2780771,Washington - Moses Lake,Moses Lake,WA,Local,Moratorium on Utility Shutoffs,https://www.cityofml.com/CivicAlerts.aspx?AID=845,No water shut-offs until further notice
2020-03-26T03:29:29.113Z,-119.8525504,Washington - Quincy,Quincy,WA,Local,Moratorium on Utility Shutoffs,https://www.quincywashington.us/AlertCenter.aspx?AID=All-City-offices-will-be-closed-effectiv-40,No water shut-offs thru March 31
2020-03-26T03:29:29.113Z,-122.123889,Washington - Redmond,Redmond,WA,Local,Moratorium on Utility Shutoffs,https://www.propublica.org/article/some-towns-still-havent-halted-utility-shut-offs-for-unpaid-water-bills-during-coronavirus-even-as-federal-lawmakers-demand-it,No water shut-offs
2020-03-26T03:29:29.113Z,-122.333056,Washington - Seattle,Seattle,WA,Local,Eviction Moratorium,https://durkan.seattle.gov/wp-content/uploads/sites/9/2020/03/Civil-Emergency-Order-Moratorium-on-Residential-Evictions_final_3.14.2020.pdf,Thru April 3 or end of civil emergency (whichever is earlier)
2020-03-26T03:29:29.113Z,-122.333056,Washington - Seattle,Seattle,WA,Local,Moratorium on Utility Shutoffs,https://www.seattletimes.com/seattle-news/health/seattle-will-keep-customers-lights-water-on-during-coronavirus-emergency-defer-taxes-for-small-businesses/,
2020-03-26T03:29:29.113Z,-77.0368707,"Washington, D.C.","Washington, D.C.",DC,Local/Federal District,Eviction Moratorium,https://myemail.constantcontact.com/Chairman-Phil-Mendelson-s-Newsletter-Addressing-Public-Health-Emergency.html?soid=1132587006269&aid=QY-4v6Rdw6Y,Duration of state of emergency
2020-03-26T03:29:29.113Z,-77.0368707,"Washington, D.C.","Washington, D.C.",DC,Local/Federal District,Moratorium on Utility Shutoffs,https://myemail.constantcontact.com/Chairman-Phil-Mendelson-s-Newsletter-Addressing-Public-Health-Emergency.html?soid=1132587006269&aid=QY-4v6Rdw6Y,"No water, utility, gas shutoffs for duration of public health emergency"
2020-03-26T03:29:29.113Z,,Wisconsin,Wisconsin,WI,State,Moratorium on Utility Shutoffs,https://www.foodandwaterwatch.org/news/stopping-water-shutoffs-locally-not-enough-we-need-national-ban-and-service-restoration-plan,No water shutoffs; water service to be restored to households under existing shutoffs
2020-03-26T03:29:29.113Z,-89.4,Wisconsin - Dane County (Madison),Dane County,WI,Local,Eviction Moratorium,https://courts.countyofdane.com/documents/Order-Regarding-Emergency-Temporary-Measures--Revised-.pdf,No hearings before April 17
